peak,snp,snp_name,gene,distance
chr1-13892792-15118043,chr1-14479497-14479497,rs11584308,KAZN,0
chr1-14124233-14124335,chr1-14479497-14479497,rs11584308,RNU6-1265P,355161
chr1-14221887-14304445,chr1-14479497-14479497,rs11584308,AL357873.1,175051
chr1-14338825-14419973,chr1-14479497-14479497,rs11584308,KAZN-AS1,59523
chr1-14692129-14692613,chr1-14479497-14479497,rs11584308,TBCAP2,212631
chr1-14774469-14777727,chr1-14479497-14479497,rs11584308,AL031293.1,294971
chr1-62454298-62688386,chr1-63111542-63111542,rs72923401,DOCK7,423155
chr1-62641122-62641667,chr1-63111542-63111542,rs72923401,AL138847.1,469874
chr1-62688482-62710694,chr1-63111542-63111542,rs72923401,AC103923.1,400847
chr1-62784132-62865516,chr1-63111542-63111542,rs72923401,ATG4C,246025
chr1-62896009-62901639,chr1-63111542-63111542,rs72923401,AC099794.1,209902
chr1-62905180-62905482,chr1-63111542-63111542,rs72923401,AC099794.2,206059
chr1-62975751-63022504,chr1-63111542-63111542,rs72923401,LINC01739,89037
chr1-63011197-63018614,chr1-63111542-63111542,rs72923401,AL162400.3,92927
chr1-63024207-63025658,chr1-63111542-63111542,rs72923401,AL162400.1,85883
chr1-63078081-63079031,chr1-63111542-63111542,rs72923401,AL162400.2,32510
chr1-63139250-63163153,chr1-63111542-63111542,rs72923401,AC096543.1,27707
chr1-63159083-63317274,chr1-63111542-63111542,rs72923401,LINC00466,47540
chr1-63186336-63186450,chr1-63111542-63111542,rs72923401,RNA5SP49,74793
chr1-63249920-63251771,chr1-63111542-63111542,rs72923401,AC096543.2,138377
chr1-63262113-63262707,chr1-63111542-63111542,rs72923401,RPSAP65,150570
chr1-63320884-63324441,chr1-63111542-63111542,rs72923401,FOXD3-AS1,209341
chr1-63322567-63325128,chr1-63111542-63111542,rs72923401,FOXD3,211024
chr1-63326925-63326984,chr1-63111542-63111542,rs72923401,MIR6068,215382
chr1-63338263-63338372,chr1-63111542-63111542,rs72923401,Y_RNA,226720
chr1-63359823-63361179,chr1-63111542-63111542,rs72923401,AL049636.1,248280
chr1-63367575-63438553,chr1-63111542-63111542,rs72923401,ALG6,256032
chr1-63440770-63593721,chr1-63111542-63111542,rs72923401,ITGB3BP,329227
chr1-63487957-63508204,chr1-63111542-63111542,rs72923401,BX004807.1,376414
chr1-63523372-63572693,chr1-63111542-63111542,rs72923401,EFCAB7,411829
chr1-63529613-63529898,chr1-63111542-63111542,rs72923401,RN7SL488P,418070
chr1-63536711-63536770,chr1-63111542-63111542,rs72923401,RNU7-123P,425168
chr1-63547082-63550636,chr1-63111542-63111542,rs72923401,DLEU2L,435539
chr1-63548977-63549112,chr1-63111542-63111542,rs72923401,AL109925.3,437434
chr1-63549133-63549216,chr1-63111542-63111542,rs72923401,AL109925.6,437590
chr1-63549227-63549284,chr1-63111542-63111542,rs72923401,AL109925.4,437684
chr1-63549294-63549366,chr1-63111542-63111542,rs72923401,AL109925.2,437751
chr1-63549374-63549463,chr1-63111542-63111542,rs72923401,AL109925.5,437831
chr1-63549489-63549608,chr1-63111542-63111542,rs72923401,AL109925.1,437946
chr1-63593411-63660245,chr1-63111542-63111542,rs72923401,PGM1,481868
chr1-146472566-146914294,chr1-147114038-147114038,rs12142743,HYDIN2,199743
chr1-146862729-146862845,chr1-147114038-147114038,rs12142743,AC241929.1,251192
chr1-146938744-146996202,chr1-147114038-147114038,rs12142743,NBPF12,117835
chr1-146957117-146957659,chr1-147114038-147114038,rs12142743,PFN1P8,156378
chr1-147001931-147003618,chr1-147114038-147114038,rs12142743,AC244394.2,110419
chr1-147019656-147056593,chr1-147114038-147114038,rs12142743,NBPF13P,57444
chr1-147050817-147052481,chr1-147114038-147114038,rs12142743,AC244394.1,61556
chr1-147079746-147079870,chr1-147114038-147114038,rs12142743,RNU1-151P,34167
chr1-147082338-147083578,chr1-147114038-147114038,rs12142743,AC241584.1,30459
chr1-147084616-147084756,chr1-147114038-147114038,rs12142743,RNVU1-8,29281
chr1-147099482-147124285,chr1-147114038-147114038,rs12142743,AC241584.2,0
chr1-147155106-147172550,chr1-147114038-147114038,rs12142743,PRKAB2,41067
chr1-147172744-147179622,chr1-147114038-147114038,rs12142743,PDIA3P1,58705
chr1-147172755-147295734,chr1-147114038-147114038,rs12142743,AC242426.2,58716
chr1-147175351-147243050,chr1-147114038-147114038,rs12142743,FMO5,61312
chr1-147203276-147204932,chr1-147114038-147114038,rs12142743,CCT8P1,89237
chr1-147223554-147224348,chr1-147114038-147114038,rs12142743,RPL7AP15,109515
chr1-147242654-147295765,chr1-147114038-147114038,rs12142743,CHD1L,128615
chr1-147258885-147517875,chr1-147114038-147114038,rs12142743,LINC00624,144846
chr1-147319110-147320224,chr1-147114038-147114038,rs12142743,AC242426.1,205071
chr1-147419053-147419900,chr1-147114038-147114038,rs12142743,OR13Z1P,305014
chr1-147445579-147446133,chr1-147114038-147114038,rs12142743,OR13Z2P,331540
chr1-147482238-147482628,chr1-147114038-147114038,rs12142743,OR13Z3P,368199
chr1-147541501-147626216,chr1-147114038-147114038,rs12142743,BCL9,427462
chr1-154697455-154870281,chr1-155236376-155236376,rs2230288,KCNN3,366094
chr1-154924740-154936719,chr1-155236376-155236376,rs2230288,PMVK,299656
chr1-154937370-154938059,chr1-155236376-155236376,rs2230288,AL451085.1,298316
chr1-154944076-154956123,chr1-155236376-155236376,rs2230288,PBXIP1,280252
chr1-154950210-154950492,chr1-155236376-155236376,rs2230288,Metazoa_SRP,285883
chr1-154957026-154963853,chr1-155236376-155236376,rs2230288,PYGO2,272522
chr1-154961825-154962623,chr1-155236376-155236376,rs2230288,AL451085.2,273752
chr1-154962298-154974395,chr1-155236376-155236376,rs2230288,SHC1,261980
chr1-154974653-154979251,chr1-155236376-155236376,rs2230288,CKS1B,257124
chr1-154975693-154975783,chr1-155236376-155236376,rs2230288,MIR4258,260592
chr1-154983338-154993111,chr1-155236376-155236376,rs2230288,FLAD1,243264
chr1-154993586-154994315,chr1-155236376-155236376,rs2230288,LENEP,242060
chr1-155002630-155018522,chr1-155236376-155236376,rs2230288,ZBTB7B,217853
chr1-155018520-155033781,chr1-155236376-155236376,rs2230288,DCST2,202594
chr1-155033824-155050930,chr1-155236376-155236376,rs2230288,DCST1,185445
chr1-155045191-155046118,chr1-155236376-155236376,rs2230288,DCST1-AS1,190257
chr1-155050566-155062775,chr1-155236376-155236376,rs2230288,ADAM15,173600
chr1-155063737-155069553,chr1-155236376-155236376,rs2230288,EFNA4,166822
chr1-155063748-155086807,chr1-155236376-155236376,rs2230288,AL691442.1,149568
chr1-155078837-155087538,chr1-155236376-155236376,rs2230288,EFNA3,148837
chr1-155127876-155134899,chr1-155236376-155236376,rs2230288,EFNA1,101476
chr1-155135344-155138857,chr1-155236376-155236376,rs2230288,SLC50A1,97518
chr1-155139891-155140595,chr1-155236376-155236376,rs2230288,DPM3,95780
chr1-155148544-155148813,chr1-155236376-155236376,rs2230288,HMGN2P18,87562
chr1-155169408-155173475,chr1-155236376-155236376,rs2230288,KRTCAP2,62900
chr1-155169409-155187272,chr1-155236376-155236376,rs2230288,AL713999.1,49103
chr1-155173787-155184971,chr1-155236376-155236376,rs2230288,TRIM46,51404
chr1-155185824-155192916,chr1-155236376-155236376,rs2230288,MUC1,43459
chr1-155195004-155205495,chr1-155236376-155236376,rs2230288,AC234582.1,30880
chr1-155195177-155195272,chr1-155236376-155236376,rs2230288,MIR92B,41103
chr1-155195588-155209051,chr1-155236376-155236376,rs2230288,THBS3,27324
chr1-155208699-155213824,chr1-155236376-155236376,rs2230288,MTX1,22551
chr1-155211151-155213819,chr1-155236376-155236376,rs2230288,AC234582.2,22556
chr1-155213821-155227422,chr1-155236376-155236376,rs2230288,GBAP1,8953
chr1-155230975-155234325,chr1-155236376-155236376,rs2230288,MTX1P1,2050
chr1-155234452-155244699,chr1-155236376-155236376,rs2230288,GBA,0
chr1-155247205-155255483,chr1-155236376-155236376,rs2230288,FAM189B,10828
chr1-155255979-155262430,chr1-155236376-155236376,rs2230288,SCAMP3,19602
chr1-155262868-155278491,chr1-155236376-155236376,rs2230288,CLK2,26491
chr1-155277463-155289848,chr1-155236376-155236376,rs2230288,HCN3,41086
chr1-155289293-155301438,chr1-155236376-155236376,rs2230288,PKLR,52916
chr1-155308748-155320666,chr1-155236376-155236376,rs2230288,FDPS,72371
chr1-155316863-155324176,chr1-155236376-155236376,rs2230288,RUSC1-AS1,80486
chr1-155320894-155331114,chr1-155236376-155236376,rs2230288,RUSC1,84517
chr1-155335268-155562807,chr1-155419060-155419060,rs12734374,ASH1L,0
chr1-155346350-155346445,chr1-155419060-155419060,rs12734374,MIR555,72614
chr1-155358712-155358818,chr1-155419060-155419060,rs12734374,RNU6-106P,60241
chr1-155396010-155396978,chr1-155419060-155419060,rs12734374,ASH1L-IT1,22081
chr1-155419397-155419500,chr1-155419060-155419060,rs12734374,RNU6-1297P,336
chr1-155433178-155434262,chr1-155419060-155419060,rs12734374,POU5F1P4,14117
chr1-155562042-155563944,chr1-155419060-155419060,rs12734374,ASH1L-AS1,142981
chr1-155566050-155566306,chr1-155419060-155419060,rs12734374,AL353807.4,146989
chr1-155586644-155602197,chr1-155419060-155419060,rs12734374,DAP3P1,167583
chr1-155590601-155591262,chr1-155419060-155419060,rs12734374,AL353807.1,171540
chr1-155609776-155610380,chr1-155419060-155419060,rs12734374,AL353807.2,190715
chr1-155610205-155614967,chr1-155419060-155419060,rs12734374,MSTO1,191144
chr1-155614726-155660245,chr1-155419060-155419060,rs12734374,AL353807.3,195665
chr1-155626757-155637604,chr1-155419060-155419060,rs12734374,AL353807.5,207696
chr1-155659443-155689000,chr1-155419060-155419060,rs12734374,YY1AP1,240382
chr1-155687960-155739010,chr1-155419060-155419060,rs12734374,DAP3,268899
chr1-155710098-155710563,chr1-155419060-155419060,rs12734374,AL162734.1,291037
chr1-155745829-155750137,chr1-155419060-155419060,rs12734374,MSTO2P,326768
chr1-155749662-155859400,chr1-155419060-155419060,rs12734374,GON4L,330601
chr1-155845367-155846624,chr1-155419060-155419060,rs12734374,AL139128.1,426306
chr1-155859567-155885199,chr1-155419060-155419060,rs12734374,SYT11,440506
chr1-155894281-155894386,chr1-155419060-155419060,rs12734374,U4,475220
chr1-155897808-155911404,chr1-155419060-155419060,rs12734374,RIT1,478747
chr1-155913045-155934413,chr1-155419060-155419060,rs12734374,KHDC4,493984
chr1-205381378-205455954,chr1-205952731-205952731,rs7413698,LEMD1,496776
chr1-205434885-205457091,chr1-205952731-205952731,rs7413698,BLACAT1,495639
chr1-205455929-205469024,chr1-205952731-205952731,rs7413698,LEMD1-DT,483706
chr1-205504595-205532793,chr1-205952731-205952731,rs7413698,CDK18,419937
chr1-205566716-205566799,chr1-205952731-205952731,rs7413698,RNU2-19P,385931
chr1-205568885-205602918,chr1-205952731-205952731,rs7413698,MFSD4A,349812
chr1-205595041-205595147,chr1-205952731-205952731,rs7413698,RNU6-418P,357583
chr1-205597556-205631962,chr1-205952731-205952731,rs7413698,ELK4,320768
chr1-205625483-205626153,chr1-205952731-205952731,rs7413698,AC096533.1,326577
chr1-205657851-205680509,chr1-205952731-205952731,rs7413698,SLC45A3,272221
chr1-205712822-205750182,chr1-205952731-205952731,rs7413698,NUCKS1,202548
chr1-205731221-205731352,chr1-205952731-205952731,rs7413698,SNORA72,221378
chr1-205767986-205775482,chr1-205952731-205952731,rs7413698,RAB29,177248
chr1-205775559-205783623,chr1-205952731-205952731,rs7413698,AC119673.1,169107
chr1-205789094-205813748,chr1-205952731-205952731,rs7413698,SLC41A1,138982
chr1-205813322-205896082,chr1-205952731-205952731,rs7413698,AC119673.2,56648
chr1-205828025-205850132,chr1-205952731-205952731,rs7413698,PM20D1,102598
chr1-205913048-205943460,chr1-205952731-205952731,rs7413698,SLC26A9,9270
chr1-205935128-205935768,chr1-205952731-205952731,rs7413698,AL713965.1,16962
chr1-205976740-206003461,chr1-205952731-205952731,rs7413698,RAB7B,24008
chr1-206009264-206023895,chr1-205952731-205952731,rs7413698,CTSE,56532
chr1-206035253-206062257,chr1-205952731-205952731,rs7413698,BX571818.1,82521
chr1-206053173-206102449,chr1-205952731-205952731,rs7413698,RHEX,100441
chr1-206080239-206080324,chr1-205952731-205952731,rs7413698,AC244035.3,127507
chr1-206106936-206117699,chr1-205952731-205952731,rs7413698,AVPR1B,154204
chr1-206117783-206126805,chr1-205952731-205952731,rs7413698,AC244035.1,165051
chr1-206147164-206166149,chr1-205952731-205952731,rs7413698,AC244035.4,194432
chr1-206160887-206161276,chr1-205952731-205952731,rs7413698,RPL22P4,208155
chr1-206175060-206177246,chr1-205952731-205952731,rs7413698,AC244035.2,222328
chr1-206186179-206204414,chr1-205952731-205952731,rs7413698,FAM72A,233447
chr1-206203345-206464443,chr1-205952731-205952731,rs7413698,SRGAP2,250613
chr1-206333327-206333438,chr1-205952731-205952731,rs7413698,AC244023.1,380595
chr1-213051233-213274774,chr1-213648324-213648324,rs6540796,RPS6KC1,373549
chr1-213428708-213429077,chr1-213648324-213648324,rs6540796,RPL31P13,219246
chr1-213492288-213579267,chr1-213648324-213648324,rs6540796,AL592402.1,69056
chr1-213731416-213794587,chr1-213648324-213648324,rs6540796,AC096639.1,83091
chr1-213817751-213988508,chr1-213648324-213648324,rs6540796,PROX1-AS1,169426
chr1-213924749-213926654,chr1-213648324-213648324,rs6540796,LINC00538,276424
chr1-213983181-214041510,chr1-213648324-213648324,rs6540796,PROX1,334856
chr1-213983793-213986419,chr1-213648324-213648324,rs6540796,AC011700.1,335468
chr1-214028891-214030901,chr1-213648324-213648324,rs6540796,AL606537.1,380566
chr1-214051194-214187773,chr1-213648324-213648324,rs6540796,LINC02775,402869
chr2-118766965-118835110,chr2-119215330-119215330,rs6735649,LINC01956,380219
chr2-118842171-118847678,chr2-119215330-119215330,rs6735649,EN1,367651
chr2-118942166-118994660,chr2-119215330-119215330,rs6735649,MARCO,220669
chr2-118949306-118952983,chr2-119215330-119215330,rs6735649,AC013457.1,262346
chr2-119156243-119158751,chr2-119215330-119215330,rs6735649,C1QL2,56578
chr2-119169822-119170115,chr2-119215330-119215330,rs6735649,RN7SL468P,45214
chr2-119223831-119265652,chr2-119215330-119215330,rs6735649,STEAP3,8500
chr2-119244422-119270714,chr2-119215330-119215330,rs6735649,STEAP3-AS1,29091
chr2-119302225-119366834,chr2-119215330-119215330,rs6735649,C2orf76,86894
chr2-119366921-119372560,chr2-119215330-119215330,rs6735649,DBI,151590
chr2-119429901-119438504,chr2-119215330-119215330,rs6735649,TMEM37,214570
chr2-119439843-119525301,chr2-119215330-119215330,rs6735649,SCTR,224512
chr2-119476428-119487346,chr2-119215330-119215330,rs6735649,AC013275.1,261097
chr2-119544432-119662251,chr2-119215330-119215330,rs6735649,CFAP221,329101
chr2-119679167-119686507,chr2-119215330-119215330,rs6735649,TMEM177,463836
chr2-119698623-119700151,chr2-119215330-119215330,rs6735649,AC069154.1,483292
chr2-126656133-126696667,chr2-127135234-127135234,rs6733839,GYPC,438566
chr2-126679622-126680420,chr2-127135234-127135234,rs6733839,AC013474.1,454813
chr2-126702839-126702942,chr2-127135234-127135234,rs6733839,RNU6-675P,432291
chr2-126898864-126902097,chr2-127135234-127135234,rs6733839,TEX51,233136
chr2-127017421-127017482,chr2-127135234-127135234,rs6733839,RNU7-182P,117751
chr2-127024252-127025723,chr2-127135234-127135234,rs6733839,AC012508.2,109510
chr2-127024866-127033948,chr2-127135234-127135234,rs6733839,AC012508.3,101285
chr2-127025211-127029686,chr2-127135234-127135234,rs6733839,AC012508.1,105547
chr2-127048027-127107288,chr2-127135234-127135234,rs6733839,BIN1,27945
chr2-127141976-127143793,chr2-127135234-127135234,rs6733839,AC110926.2,6741
chr2-127170011-127170231,chr2-127135234-127135234,rs6733839,NIFKP9,34776
chr2-127183832-127220313,chr2-127135234-127135234,rs6733839,CYP27C1,48597
chr2-127247258-127250082,chr2-127135234-127135234,rs6733839,AC110926.1,112023
chr2-127257290-127294176,chr2-127135234-127135234,rs6733839,ERCC3,122055
chr2-127294212-127375075,chr2-127135234-127135234,rs6733839,AC068282.1,158977
chr2-127298730-127388465,chr2-127135234-127135234,rs6733839,MAP3K2,163495
chr2-127316873-127316979,chr2-127135234-127135234,rs6733839,RNU6-1147P,181638
chr2-127388184-127400580,chr2-127135234-127135234,rs6733839,MAP3K2-DT,252949
chr2-127406731-127408221,chr2-127135234-127135234,rs6733839,AC068282.2,271496
chr2-127418427-127429246,chr2-127135234-127135234,rs6733839,PROC,283192
chr2-127423537-127423618,chr2-127135234-127135234,rs6733839,MIR4783,288302
chr2-127436207-127526886,chr2-127135234-127135234,rs6733839,IWS1,300972
chr2-127455394-127514623,chr2-127135234-127135234,rs6733839,AC010976.1,320159
chr2-127472234-127472415,chr2-127135234-127135234,rs6733839,RNU4-48P,336999
chr2-127535802-127637729,chr2-127135234-127135234,rs6733839,MYO7B,400567
chr2-127625997-127626848,chr2-127135234-127135234,rs6733839,AC010976.2,490762
chr3-5068676-5069044,chr3-5524015-5524015,rs72998656,RNF10P1,454970
chr3-5080212-5084429,chr3-5524015-5524015,rs72998656,UBTFL8,439585
chr3-5099627-5099861,chr3-5524015-5524015,rs72998656,AC090955.1,424153
chr3-5122245-5180912,chr3-5524015-5524015,rs72998656,ARL8B,343102
chr3-5156905-5187329,chr3-5524015-5524015,rs72998656,AC026202.2,336685
chr3-5187172-5188298,chr3-5524015-5524015,rs72998656,AC026202.3,335716
chr3-5187646-5219958,chr3-5524015-5524015,rs72998656,EDEM1,304056
chr3-5250177-5250255,chr3-5524015-5524015,rs72998656,MIR4790,273759
chr3-5252926-5253223,chr3-5524015-5524015,rs72998656,RN7SL553P,270791
chr3-5255535-5256761,chr3-5524015-5524015,rs72998656,AC026202.1,267253
chr3-5962842-6124120,chr3-5524015-5524015,rs72998656,AC087857.1,438826
chr3-10324023-10708007,chr3-11185236-11185236,rs9858388,ATP2B2,477228
chr3-10759350-10764209,chr3-11185236-11185236,rs9858388,LINC00606,421026
chr3-10767464-10771718,chr3-11185236-11185236,rs9858388,AC018495.1,413517
chr3-10816201-10940714,chr3-11185236-11185236,rs9858388,SLC6A11,244521
chr3-10914196-10977981,chr3-11185236-11185236,rs9858388,AC027128.1,207254
chr3-10992186-11039247,chr3-11185236-11185236,rs9858388,SLC6A1,145988
chr3-11006098-11019224,chr3-11185236-11185236,rs9858388,SLC6A1-AS1,166011
chr3-11060973-11091548,chr3-11185236-11185236,rs9858388,AC066580.1,93687
chr3-11137093-11263557,chr3-11185236-11185236,rs9858388,HRH1,0
chr3-11193439-11225877,chr3-11185236-11185236,rs9858388,AC083855.2,8202
chr3-11234256-11234582,chr3-11185236-11185236,rs9858388,CHCHD4P4,49019
chr3-11272309-11557665,chr3-11185236-11185236,rs9858388,ATG7,87072
chr3-11290406-11290663,chr3-11185236-11185236,rs9858388,AC083855.1,105169
chr3-11488300-11488473,chr3-11185236-11185236,rs9858388,AC026185.1,303063
chr3-11529488-11529755,chr3-11185236-11185236,rs9858388,AC022001.1,344251
chr3-11556069-11771350,chr3-11185236-11185236,rs9858388,VGLL4,370832
chr3-11607184-11610748,chr3-11185236-11185236,rs9858388,AC022001.2,421947
chr3-11611602-11612197,chr3-11185236-11185236,rs9858388,AC022001.3,426365
chr4-386174-454070,chr4-945299-945299,rs6599388,AC092574.2,491228
chr4-425435-474129,chr4-945299-945299,rs6599388,ABCA11P,471169
chr4-425815-499156,chr4-945299-945299,rs6599388,ZNF721,446142
chr4-499210-540200,chr4-945299-945299,rs6599388,PIGG,405098
chr4-573880-576300,chr4-945299-945299,rs6599388,TMEM271,368998
chr4-577168-618076,chr4-945299-945299,rs6599388,AC116565.1,327222
chr4-625584-670782,chr4-945299-945299,rs6599388,PDE6B,274516
chr4-652850-656213,chr4-945299-945299,rs6599388,AC107464.1,289085
chr4-661209-661945,chr4-945299-945299,rs6599388,AC107464.3,283353
chr4-672436-674330,chr4-945299-945299,rs6599388,ATP5ME,270968
chr4-673580-682033,chr4-945299-945299,rs6599388,MYL5,263265
chr4-681829-689441,chr4-945299-945299,rs6599388,SLC49A3,255857
chr4-705748-770640,chr4-945299-945299,rs6599388,PCGF3,174658
chr4-722275-724034,chr4-945299-945299,rs6599388,AC107464.2,221264
chr4-757022-757740,chr4-945299-945299,rs6599388,AC139887.4,187558
chr4-760202-781859,chr4-945299-945299,rs6599388,AC139887.2,163439
chr4-764487-765074,chr4-945299-945299,rs6599388,AC139887.1,180224
chr4-784957-826129,chr4-945299-945299,rs6599388,CPLX1,119169
chr4-836512-837224,chr4-945299-945299,rs6599388,AC139887.3,108074
chr4-843963-846294,chr4-945299-945299,rs6599388,AC139887.5,99004
chr4-849276-932373,chr4-945299-945299,rs6599388,GAK,12925
chr4-932387-958656,chr4-945299-945299,rs6599388,TMEM175,0
chr4-958887-986895,chr4-945299-945299,rs6599388,DGKQ,13587
chr4-979073-993440,chr4-945299-945299,rs6599388,SLC26A1,33773
chr4-986997-1004564,chr4-945299-945299,rs6599388,IDUA,41697
chr4-1009936-1026898,chr4-945299-945299,rs6599388,FGFRL1,64636
chr4-1027678-1028972,chr4-945299-945299,rs6599388,AC019103.1,82378
chr4-1056250-1113564,chr4-945299-945299,rs6599388,RNF212,110950
chr4-1100016-1101558,chr4-945299-945299,rs6599388,AC092535.3,154716
chr4-1113639-1132977,chr4-945299-945299,rs6599388,AC092535.4,168339
chr4-1115197-1153726,chr4-945299-945299,rs6599388,TMED11P,169897
chr4-1118884-1119013,chr4-945299-945299,rs6599388,AC092535.1,173584
chr4-1151372-1153701,chr4-945299-945299,rs6599388,AC092535.2,206072
chr4-1166932-1208962,chr4-945299-945299,rs6599388,SPON2,221632
chr4-1167778-1168174,chr4-945299-945299,rs6599388,AC092535.5,222478
chr4-1210120-1218591,chr4-945299-945299,rs6599388,CTBP1-AS,264820
chr4-1211448-1249953,chr4-945299-945299,rs6599388,CTBP1,266148
chr4-1249300-1288291,chr4-945299-945299,rs6599388,CTBP1-DT,304000
chr4-1289887-1340147,chr4-945299-945299,rs6599388,MAEA,344587
chr4-1347208-1388049,chr4-945299-945299,rs6599388,UVSSA,401908
chr4-1356581-1358075,chr4-945299-945299,rs6599388,AC078852.2,411281
chr4-1358479-1359461,chr4-945299-945299,rs6599388,AC078852.1,413179
chr4-1391552-1395992,chr4-945299-945299,rs6599388,CRIPAK,446252
chr4-1402932-1406331,chr4-945299-945299,rs6599388,NKX1-1,457632
chr4-89410960-89726752,chr4-89835399-89835399,rs7681440,AC093866.1,108646
chr4-89724099-89838315,chr4-89835399-89835399,rs7681440,SNCA,0
chr4-89743792-89744305,chr4-89835399-89835399,rs7681440,AC097478.1,91093
chr4-89747802-89755853,chr4-89835399-89835399,rs7681440,AC097478.3,79545
chr4-89748283-89749154,chr4-89835399-89835399,rs7681440,AC097478.2,86244
chr4-89836408-89841978,chr4-89842209-89842209,rs7680557,SNCA-AS1,230
chr4-89879532-89954629,chr4-89842209-89842209,rs7680557,MMRN1,37322
chr4-89995223-89999409,chr4-89842209-89842209,rs7680557,AC105445.1,153013
chr4-90127535-91601913,chr4-89842209-89842209,rs7680557,CCSER1,285325
chr4-94117792-94207556,chr4-94555568-94555568,rs2452591,AC096746.1,348011
chr4-94195940-94196513,chr4-94555568-94555568,rs2452591,HMGB3P15,359054
chr4-94207611-94291292,chr4-94555568-94555568,rs2452591,SMARCAD1,264275
chr4-94298535-94342876,chr4-94555568-94555568,rs2452591,HPGDS,212691
chr4-94315486-94343041,chr4-94555568-94555568,rs2452591,AC109925.2,212526
chr4-94369833-94370163,chr4-94555568-94555568,rs2452591,AC109925.1,185404
chr4-94451857-94668227,chr4-94555568-94555568,rs2452591,PDLIM5,0
chr4-94675245-94702570,chr4-94555568-94555568,rs2452591,AC108067.1,119676
chr4-94743668-94757681,chr4-94555568-94555568,rs2452591,BMPR1B-DT,188099
chr4-94757955-95158448,chr4-94555568-94555568,rs2452591,BMPR1B,202386
chr4-186890969-186892366,chr4-187387101-187387101,rs72723271,AC108865.1,494734
chr4-186892552-186892983,chr4-187387101-187387101,rs72723271,AC108865.2,494117
chr4-186900540-186900838,chr4-187387101-187387101,rs72723271,MRPS36P2,486262
chr4-186979490-187027451,chr4-187387101-187387101,rs72723271,AC110772.1,359649
chr4-187005944-187060930,chr4-187387101-187387101,rs72723271,AC110772.2,326170
chr4-187198218-187201894,chr4-187387101-187387101,rs72723271,AC108046.1,185206
chr4-187201986-187209346,chr4-187387101-187387101,rs72723271,LINC02374,177754
chr4-187304083-187309682,chr4-187387101-187387101,rs72723271,AC097652.1,77418
chr4-187370648-187371921,chr4-187387101-187387101,rs72723271,LINC02514,15179
chr4-187408232-187415748,chr4-187387101-187387101,rs72723271,LINC02515,21130
chr4-187441677-187444298,chr4-187387101-187387101,rs72723271,AC093763.2,54575
chr4-187516153-187517208,chr4-187387101-187387101,rs72723271,AC093763.1,129051
chr4-187532873-187672755,chr4-187387101-187387101,rs72723271,LINC02492,145771
chr4-187613708-187712329,chr4-187387101-187387101,rs72723271,AC097521.1,226606
chr4-187746094-187748199,chr4-187387101-187387101,rs72723271,ADAM20P3,358992
chr5-10971836-11904446,chr5-11370935-11370935,rs6887317,CTNND2,0
chr5-11027200-11027307,chr5-11370935-11370935,rs6887317,RNU6-429P,343627
chr5-23262159-23263185,chr5-23728181-23728181,rs6876430,AC010460.2,464995
chr5-23303565-23305143,chr5-23728181-23728181,rs6876430,AC010460.3,423037
chr5-23329427-23329892,chr5-23728181-23728181,rs6876430,AC010460.1,398288
chr5-23443586-23528597,chr5-23728181-23728181,rs6876430,PRDM9,199583
chr5-23456468-23456850,chr5-23728181-23728181,rs6876430,AC109445.1,271330
chr5-23688927-23689386,chr5-23728181-23728181,rs6876430,AC108103.1,38794
chr5-23951348-24178263,chr5-23728181-23728181,rs6876430,C5orf17,223166
chr5-23972188-23972294,chr5-23728181-23728181,rs6876430,AC026784.2,244006
chr5-23980587-23980938,chr5-23728181-23728181,rs6876430,AC026784.1,252405
chr5-24135160-24271863,chr5-23728181-23728181,rs6876430,AC114930.1,406978
chr5-24170370-24171246,chr5-23728181-23728181,rs6876430,AC010342.1,442188
chr5-165220577-165241756,chr5-165705969-165705969,rs262741,LINC01938,464212
chr5-165349030-165778689,chr5-165705969-165705969,rs262741,AC008415.1,0
chr5-165609441-165609679,chr5-165705969-165705969,rs262741,RN7SKP60,96289
chr5-165782805-165783134,chr5-165705969-165705969,rs262741,AC008562.1,76835
chr5-165905126-165905608,chr5-165705969-165705969,rs262741,AC008489.1,199156
chr5-166028567-166029311,chr5-165705969-165705969,rs262741,RPL7P20,322597
chr5-166128498-166155439,chr5-165705969-165705969,rs262741,AC114321.1,422528
chr6-4706159-4955551,chr6-5377247-5377247,rs6940679,CDYL,421695
chr6-4979072-4979494,chr6-5377247-5377247,rs6940679,AL359643.1,397752
chr6-4994717-5004063,chr6-5377247-5377247,rs6940679,RPP40,373183
chr6-5003774-5080946,chr6-5377247-5377247,rs6940679,AL359643.3,296300
chr6-5031756-5054423,chr6-5377247-5377247,rs6940679,AL359643.2,322823
chr6-5065795-5066982,chr6-5377247-5377247,rs6940679,AL139094.1,310264
chr6-5084581-5089487,chr6-5377247-5377247,rs6940679,PPP1R3G,287759
chr6-5102593-5260939,chr6-5377247-5377247,rs6940679,LYRM4,116307
chr6-5148233-5148322,chr6-5377247-5377247,rs6940679,MIR3691,228924
chr6-5261044-5829192,chr6-5377247-5377247,rs6940679,FARS2,0
chr6-5291030-5291388,chr6-5377247-5377247,rs6940679,AL121978.1,85858
chr6-5451683-5458075,chr6-5377247-5377247,rs6940679,AL021328.1,74435
chr6-5609227-5610195,chr6-5377247-5377247,rs6940679,HNRNPA1P37,231979
chr6-5664985-5695272,chr6-5377247-5377247,rs6940679,AL022097.1,287737
chr6-5788346-5788699,chr6-5377247-5377247,rs6940679,AL136968.2,411098
chr6-5817421-5818366,chr6-5377247-5377247,rs6940679,AL136968.1,440173
chr6-5851506-5870220,chr6-5377247-5377247,rs6940679,AL136307.1,474258
chr6-20534457-21232404,chr6-21140068-21140068,rs2446485,CDKAL1,0
chr6-20722328-20723655,chr6-21140068-21140068,rs2446485,AL035090.1,416412
chr6-20756103-20800694,chr6-21140068-21140068,rs2446485,AL513188.1,339373
chr6-20993474-20993568,chr6-21140068-21140068,rs2446485,RNU6-150P,146499
chr6-21233168-21271132,chr6-21140068-21140068,rs2446485,AL451080.1,93099
chr6-21354411-21355296,chr6-21140068-21140068,rs2446485,AL031767.1,214342
chr6-21369690-21383200,chr6-21140068-21140068,rs2446485,AL031767.2,229621
chr6-21485896-21521414,chr6-21140068-21140068,rs2446485,LINC00581,345827
chr6-21521678-21523783,chr6-21140068-21140068,rs2446485,AL512380.1,381609
chr6-21528739-21595593,chr6-21140068-21140068,rs2446485,AL512380.2,388670
chr6-21593751-21598619,chr6-21140068-21140068,rs2446485,SOX4,453682
chr6-21602128-21602383,chr6-21140068-21140068,rs2446485,BOLA2P3,462059
chr6-83512534-83525704,chr6-83992044-83992044,rs215971,PRSS35,466339
chr6-83552880-83709691,chr6-83992044-83992044,rs215971,SNAP91,282352
chr6-83728055-83736525,chr6-83992044-83992044,rs215971,AL136972.1,255518
chr6-83852312-83854167,chr6-83992044-83992044,rs215971,AL139232.1,137876
chr6-83853266-83857515,chr6-83992044-83992044,rs215971,RIPPLY2,134528
chr6-83859656-83967423,chr6-83992044-83992044,rs215971,CYB5R4,24620
chr6-83983728-84007323,chr6-83992044-83992044,rs215971,AL034347.1,0
chr6-84019204-84026100,chr6-83992044-83992044,rs215971,LINC02857,27159
chr6-84033772-84090881,chr6-83992044-83992044,rs215971,MRAP2,41727
chr6-84124241-84227643,chr6-83992044-83992044,rs215971,CEP162,132196
chr6-84421028-84556152,chr6-83992044-83992044,rs215971,LINC01611,428983
chr6-84429584-84430802,chr6-83992044-83992044,rs215971,SMARCE1P2,437539
chr6-133502252-133892802,chr6-134154611-134154611,rs9321429,TARID,261808
chr6-133676729-133677429,chr6-134154611-134154611,rs9321429,FTH1P26,477181
chr6-133821147-133872922,chr6-134154611-134154611,rs9321429,LINC01312,281688
chr6-133889138-133895553,chr6-134154611-134154611,rs9321429,TCF21,259057
chr6-133952170-133990432,chr6-134154611-134154611,rs9321429,TBPL1,164178
chr6-133987581-134052624,chr6-134154611-134154611,rs9321429,SLC2A12,101986
chr6-134009033-134009218,chr6-134154611-134154611,rs9321429,AL449363.1,145392
chr6-134074123-134121433,chr6-134154611-134154611,rs9321429,AL449363.2,33177
chr6-134115235-134115736,chr6-134154611-134154611,rs9321429,HMGA1P7,38874
chr6-134133573-134133868,chr6-134154611-134154611,rs9321429,RN7SL408P,20742
chr6-134169246-134318112,chr6-134160827-134160827,rs2758145,SGK1,8418
chr6-134211450-134211527,chr6-134160827-134160827,rs2758145,RPS29P32,50622
chr6-134257035-134257143,chr6-134160827-134160827,rs2758145,RNA5SP218,96207
chr6-134296301-134304297,chr6-134160827-134160827,rs2758145,AL355881.1,135473
chr6-134296997-134298695,chr6-134160827-134160827,rs2758145,KRT8P42,136169
chr6-134343307-134504581,chr6-134160827-134160827,rs2758145,LINC01010,182479
chr6-134345688-134349337,chr6-134160827-134160827,rs2758145,Z84486.1,184860
chr6-134393142-134393900,chr6-134160827-134160827,rs2758145,CHCHD2P4,232314
chr6-134428239-134520585,chr6-134160827-134160827,rs2758145,CT69,267411
chr6-134520163-134689399,chr6-134160827-134160827,rs2758145,AL078590.2,359335
chr6-134603564-134604698,chr6-134160827-134160827,rs2758145,FAM8A6P,442736
chr6-134606299-134609437,chr6-134160827-134160827,rs2758145,AL078590.1,445471
chr6-134636489-134642495,chr6-134160827-134160827,rs2758145,AL596188.1,475661
chr7-4797055-4883716,chr7-5296474-5296474,rs11765038,RADIL,412757
chr7-4857738-4862030,chr7-5296474-5296474,rs11765038,PAPOLB,434443
chr7-4865432-4865804,chr7-5296474-5296474,rs11765038,RPL22P16,430669
chr7-4905989-4959213,chr7-5296474-5296474,rs11765038,MMD2,337260
chr7-4973988-5040675,chr7-5296474-5296474,rs11765038,RNF216P1,255798
chr7-4983718-5073221,chr7-5296474-5296474,rs11765038,RBAK-RBAKDN,223252
chr7-5009164-5009328,chr7-5296474-5296474,rs11765038,AC092032.1,287145
chr7-5031608-5037831,chr7-5296474-5296474,rs11765038,SPDYE19P,258642
chr7-5045821-5069487,chr7-5296474-5296474,rs11765038,RBAK,226986
chr7-5072125-5073223,chr7-5296474-5296474,rs11765038,RBAKDN,223250
chr7-5103719-5120245,chr7-5296474-5296474,rs11765038,OR10AH1P,176228
chr7-5121239-5144546,chr7-5296474-5296474,rs11765038,ZNF890P,151927
chr7-5180061-5180162,chr7-5296474-5296474,rs11765038,RNU6-215P,116311
chr7-5190196-5233840,chr7-5296474-5296474,rs11765038,WIPI2,62633
chr7-5274369-5306870,chr7-5296474-5296474,rs11765038,SLC29A4,0
chr7-5306790-5425414,chr7-5296474-5296474,rs11765038,TNRC18,10315
chr7-5419827-5420767,chr7-5296474-5296474,rs11765038,AC093620.1,123352
chr7-5419846-5423122,chr7-5296474-5296474,rs11765038,AC092171.1,123371
chr7-5425770-5426401,chr7-5296474-5296474,rs11765038,AC092171.4,129295
chr7-5426277-5428927,chr7-5296474-5296474,rs11765038,AC092171.3,129802
chr7-5428731-5429672,chr7-5296474-5296474,rs11765038,AC092171.5,132256
chr7-5431335-5513809,chr7-5296474-5296474,rs11765038,FBXL18,134860
chr7-5475804-5479811,chr7-5296474-5296474,rs11765038,AC092171.2,179329
chr7-5495819-5495917,chr7-5296474-5296474,rs11765038,MIR589,199344
chr7-5527148-5563784,chr7-5296474-5296474,rs11765038,ACTB,230673
chr7-5556731-5557245,chr7-5296474-5296474,rs11765038,AC006483.2,260256
chr7-5560743-5561055,chr7-5296474-5296474,rs11765038,AC006483.1,264268
chr7-5592816-5606655,chr7-5296474-5296474,rs11765038,FSCN1,296341
chr7-5620047-5781739,chr7-5296474-5296474,rs11765038,RNF216,323572
chr7-5662432-5680461,chr7-5296474-5296474,rs11765038,RNF216-IT1,365957
chr7-5711840-5711910,chr7-5296474-5296474,rs11765038,MIR6874,415365
chr7-124032126-124489572,chr7-124796085-124796085,rs28523990,AC006148.1,306512
chr7-124337380-124349860,chr7-124796085-124796085,rs28523990,AC004930.1,446224
chr7-124476371-124476955,chr7-124796085-124796085,rs28523990,SSU72P8,319129
chr7-124480524-124481395,chr7-124796085-124796085,rs28523990,AC005521.1,314689
chr7-124647719-124647822,chr7-124796085-124796085,rs28523990,RNU6-102P,148262
chr7-124742312-124745017,chr7-124796085-124796085,rs28523990,AC004925.1,51067
chr7-124743885-124765792,chr7-124796085-124796085,rs28523990,GPR37,30292
chr7-124777292-124790810,chr7-124796085-124796085,rs28523990,C7orf77,5274
chr7-124822386-124929983,chr7-124822027-124822027,rs727505,POT1,358
chr7-124929873-125482966,chr7-124822027-124822027,rs727505,POT1-AS1,107845
chr7-125033453-125035301,chr7-124822027-124822027,rs727505,EEF1GP1,211425
chr7-125151326-125153611,chr7-124822027-124822027,rs727505,LINC02830,329298
chr7-125159974-125160547,chr7-124822027-124822027,rs727505,AC019155.1,337946
chr7-125229579-125264291,chr7-124822027-124822027,rs727505,AC019155.2,407551
chr7-125300504-125300878,chr7-124822027-124822027,rs727505,AC010099.1,478476
chr8-71828167-72118393,chr8-72440962-72440962,rs348147,MSC-AS1,322568
chr8-72019917-72075584,chr8-72440962-72440962,rs348147,TRPA1,365377
chr8-72196334-72202269,chr8-72440962-72440962,rs348147,AC078906.1,238692
chr8-72202751-72251565,chr8-72440962-72440962,rs348147,AC022905.1,189396
chr8-72357728-72357815,chr8-72440962-72440962,rs348147,RNA5SP271,83146
chr8-72429620-72430112,chr8-72440962-72440962,rs348147,AC124293.1,10849
chr8-72462311-72470972,chr8-72440962-72440962,rs348147,AC011131.1,21348
chr8-72537225-72938349,chr8-72440962-72440962,rs348147,KCNB2,96262
chr8-72618722-72619383,chr8-72440962-72440962,rs348147,HAUS1P3,177759
chr8-72660584-72661470,chr8-72440962-72440962,rs348147,AC013562.2,219621
chr8-72732045-72751843,chr8-72440962-72440962,rs348147,AC013562.1,291082
chr8-72874859-72881740,chr8-72440962-72440962,rs348147,AC090735.1,433896
chr8-106359476-106752694,chr8-107146155-107146155,rs2584363,OXR1,393460
chr8-106520474-106657548,chr8-107146155-107146155,rs2584363,AC090579.1,488606
chr8-106697427-106698013,chr8-107146155-107146155,rs2584363,TAGLN2P1,448141
chr8-106729795-106729856,chr8-107146155-107146155,rs2584363,RNU7-84P,416298
chr8-106759483-106770244,chr8-107146155-107146155,rs2584363,ABRA,375910
chr8-106980967-106981571,chr8-107146155-107146155,rs2584363,AP003789.1,164583
chr8-107160354-107166595,chr8-107146155-107146155,rs2584363,AP000428.2,14198
chr8-107173200-107173809,chr8-107146155-107146155,rs2584363,HMGB1P46,27044
chr8-107186997-107195938,chr8-107146155-107146155,rs2584363,AP000428.1,40841
chr8-107249482-107498055,chr8-107146155-107146155,rs2584363,ANGPT1,103326
chr8-107499773-107506416,chr8-107146155-107146155,rs2584363,AC091010.1,353617
chr9-8314246-10612723,chr9-9112698-9112698,rs560380,PTPRD,0
chr9-8700595-8701552,chr9-9112698-9112698,rs560380,AL583805.2,411145
chr9-8713311-8713841,chr9-9112698-9112698,rs560380,AL583805.1,398856
chr9-8797135-8797194,chr9-9112698-9112698,rs560380,RNU7-185P,315503
chr9-8858127-8864772,chr9-9112698-9112698,rs560380,PTPRD-AS1,247925
chr9-8936079-8963077,chr9-9112698-9112698,rs560380,AL596451.1,149620
chr9-9090898-9091245,chr9-9112698-9112698,rs560380,RPS26P3,21452
chr9-9442060-9442380,chr9-9112698-9112698,rs560380,RN7SL5P,329361
chr9-82979590-83063177,chr9-83295597-83295597,rs1570582,RASEF,232419
chr9-83063398-83069143,chr9-83295597-83295597,rs1570582,AL499602.1,226453
chr9-83200940-83201228,chr9-83295597-83295597,rs1570582,RN7SKP242,94368
chr9-83201957-83202065,chr9-83295597-83295597,rs1570582,AL137847.3,93531
chr9-83219288-83238463,chr9-83295597-83295597,rs1570582,AL137847.1,57133
chr9-83242990-83538546,chr9-83295597-83295597,rs1570582,FRMD3,0
chr9-83272280-83279499,chr9-83295597-83295597,rs1570582,AL137847.2,16097
chr9-83275941-83276114,chr9-83295597-83295597,rs1570582,RNU4-29P,19482
chr9-83596444-83596584,chr9-83295597-83295597,rs1570582,RNU4-15P,300846
chr9-83623049-83644130,chr9-83295597-83295597,rs1570582,IDNK,327451
chr9-83659968-83707958,chr9-83295597-83295597,rs1570582,UBQLN1,364370
chr9-83707594-83713378,chr9-83295597-83295597,rs1570582,AL354920.1,411996
chr9-83739425-83829516,chr9-83295597-83295597,rs1570582,GKAP1,443827
chr9-96490241-96619843,chr9-97079041-97079041,rs7863880,CDC14B,459197
chr9-96639577-96655317,chr9-97079041-97079041,rs7863880,PRXL2C,423723
chr9-96687050-96774318,chr9-97079041-97079041,rs7863880,AL589843.1,304722
chr9-96725890-96727469,chr9-97079041-97079041,rs7863880,AL589843.2,351571
chr9-96755865-96778129,chr9-97079041-97079041,rs7863880,ZNF510,300911
chr9-96816269-96875623,chr9-97079041-97079041,rs7863880,ZNF782,203417
chr9-96887373-97013708,chr9-97079041-97079041,rs7863880,MFSD14C,65332
chr9-96910076-96910405,chr9-97079041-97079041,rs7863880,PTMAP11,168635
chr9-96918928-96919318,chr9-97079041-97079041,rs7863880,AL158827.1,159722
chr9-96928310-96940253,chr9-97079041-97079041,rs7863880,NUTM2G,138787
chr9-96954820-96955461,chr9-97079041-97079041,rs7863880,YRDCP2,123579
chr9-97029677-97039643,chr9-97079041-97079041,rs7863880,CTSV,39397
chr9-97067749-97068628,chr9-97079041-97079041,rs7863880,TCEA1P1,10412
chr9-97075671-97081945,chr9-97079041-97079041,rs7863880,GAS2L1P2,0
chr9-97093694-97094638,chr9-97079041-97079041,rs7863880,VN1R51P,14652
chr9-97121659-97122489,chr9-97079041-97079041,rs7863880,FAM220CP,42617
chr9-97151894-97152694,chr9-97079041-97079041,rs7863880,AL445670.1,72852
chr9-97156570-97221235,chr9-97079041-97079041,rs7863880,ANKRD18CP,77528
chr9-97192923-97193025,chr9-97079041-97079041,rs7863880,RNU6-798P,113881
chr9-97195351-97197687,chr9-97079041-97079041,rs7863880,AL590705.3,116309
chr9-97198303-97199511,chr9-97079041-97079041,rs7863880,ZNF322P1,119261
chr9-97200475-97238745,chr9-97079041-97079041,rs7863880,AL590705.1,121433
chr9-97222602-97235017,chr9-97079041-97079041,rs7863880,AL590705.2,143560
chr9-97238449-97297314,chr9-97079041-97079041,rs7863880,SUGT1P4-STRA6LP,159407
chr9-97238497-97377287,chr9-97079041-97079041,rs7863880,STRA6LP,159455
chr9-97238645-97246184,chr9-97079041-97079041,rs7863880,SUGT1P4,159603
chr9-97276566-97295759,chr9-97079041-97079041,rs7863880,AL512590.2,197524
chr9-97307304-97378751,chr9-97079041-97079041,rs7863880,CCDC180,228262
chr9-97363554-97363681,chr9-97079041-97079041,rs7863880,MIR1302-8,284512
chr9-97386240-97396112,chr9-97079041-97079041,rs7863880,AL512590.1,307198
chr9-97403709-97411908,chr9-97079041-97079041,rs7863880,AL512590.3,324667
chr9-97412096-97496125,chr9-97079041-97079041,rs7863880,TDRD7,333054
chr9-97501180-97601743,chr9-97079041-97079041,rs7863880,TMOD1,422138
chr9-97512706-97517836,chr9-97079041-97079041,rs7863880,AL162385.1,433664
chr9-126805006-126838210,chr9-127271268-127271268,rs913351,ZBTB43,433057
chr9-126860665-126885878,chr9-127271268-127271268,rs913351,ZBTB34,385389
chr9-126914774-127223166,chr9-127271268-127271268,rs913351,RALGPS1,48101
chr9-127087348-127122635,chr9-127271268-127271268,rs913351,ANGPTL2,148632
chr9-127213783-127221907,chr9-127271268-127271268,rs913351,AL450263.1,49360
chr9-127224265-127393660,chr9-127271268-127271268,rs913351,GARNL3,0
chr9-127300093-127300982,chr9-127271268-127271268,rs913351,AL450263.2,28824
chr9-127366770-127367397,chr9-127271268-127271268,rs913351,AL445222.1,95501
chr9-127397138-127408424,chr9-127271268-127271268,rs913351,SLC2A8,125869
chr9-127424374-127445372,chr9-127271268-127271268,rs913351,ZNF79,153105
chr9-127447674-127451406,chr9-127271268-127271268,rs913351,RPL12,176405
chr9-127448501-127448630,chr9-127271268-127271268,rs913351,SNORA65,177232
chr9-127451486-127503501,chr9-127271268-127271268,rs913351,LRSAM1,180217
chr9-127505339-127578989,chr9-127271268-127271268,rs913351,NIBAN2,234070
chr9-127579370-127696027,chr9-127271268-127271268,rs913351,STXBP1,308101
chr9-127690098-127690840,chr9-127271268-127271268,rs913351,AL162426.1,418829
chr9-127690348-127724873,chr9-127271268-127271268,rs913351,PTRH1,419079
chr9-127690687-127690795,chr9-127271268-127271268,rs913351,MIR3911,419418
chr9-127706988-127716002,chr9-127271268-127271268,rs913351,CFAP157,435719
chr9-127716079-127731590,chr9-127271268-127271268,rs913351,TTC16,444810
chr9-127731524-127735313,chr9-127271268-127271268,rs913351,TOR2A,460255
chr9-127738317-127778710,chr9-127271268-127271268,rs913351,SH2D3C,467048
chr9-127754534-127760560,chr9-127271268-127271268,rs913351,AL162586.2,483265
chr10-122560665-122643740,chr10-123100510-123100510,rs7078209,DMBT1,456769
chr10-122657498-122664196,chr10-123100510-123100510,rs7078209,AL603764.1,436313
chr10-122672850-122679494,chr10-123100510-123100510,rs7078209,AL603764.2,421015
chr10-122697709-122699846,chr10-123100510-123100510,rs7078209,C10orf120,400663
chr10-122729429-122826868,chr10-123100510-123100510,rs7078209,DMBT1P1,273641
chr10-122832158-122846175,chr10-123100510-123100510,rs7078209,CUZD1,254334
chr10-122832167-122879583,chr10-123100510-123100510,rs7078209,AC073585.2,220926
chr10-122849078-122879641,chr10-123100510-123100510,rs7078209,FAM24B,220868
chr10-122879681-122898615,chr10-123100510-123100510,rs7078209,AC073585.1,201894
chr10-122910610-122913111,chr10-123100510-123100510,rs7078209,FAM24A,187398
chr10-122930901-122954311,chr10-123100510-123100510,rs7078209,C10orf88,146198
chr10-122954381-122997513,chr10-123100510-123100510,rs7078209,PSTK,102996
chr10-122990806-123008817,chr10-123100510-123100510,rs7078209,IKZF5,91692
chr10-123008979-123058311,chr10-123100510-123100510,rs7078209,ACADSB,42198
chr10-123135970-123139423,chr10-123100510-123100510,rs7078209,HMX3,35459
chr10-123148122-123150672,chr10-123100510-123100510,rs7078209,HMX2,47611
chr10-123154402-123170467,chr10-123100510-123100510,rs7078209,BUB3,53891
chr10-123171535-123171875,chr10-123100510-123100510,rs7078209,RPS26P39,71024
chr10-123323422-123323586,chr10-123100510-123100510,rs7078209,AL160290.2,222911
chr10-123356450-123537767,chr10-123100510-123100510,rs7078209,LINC02641,255939
chr10-123425713-123427640,chr10-123100510-123100510,rs7078209,AL160290.1,325202
chr10-123560326-123562213,chr10-123100510-123100510,rs7078209,AL357127.2,459815
chr10-123574227-123583767,chr10-123100510-123100510,rs7078209,AL357127.1,473716
chr11-17734774-17856804,chr11-18270189-18270189,rs11024598,KCNC1,413384
chr11-17788048-18013047,chr11-18270189-18270189,rs11024598,SERGEF,257141
chr11-18000542-18022931,chr11-18270189-18270189,rs11024598,AC055860.1,247257
chr11-18017564-18042426,chr11-18270189-18270189,rs11024598,TPH1,227762
chr11-18069935-18106087,chr11-18270189-18270189,rs11024598,SAAL1,164101
chr11-18106583-18106841,chr11-18270189-18270189,rs11024598,HIGD1AP5,163347
chr11-18112472-18116132,chr11-18270189-18270189,rs11024598,SAA3P,154056
chr11-18120955-18138480,chr11-18270189-18270189,rs11024598,MRGPRX3,131708
chr11-18140186-18189495,chr11-18270189-18270189,rs11024598,AC090099.1,80693
chr11-18142341-18145142,chr11-18270189-18270189,rs11024598,AC090099.2,125046
chr11-18153277-18154255,chr11-18270189-18270189,rs11024598,MRGPRX12P,115933
chr11-18172837-18174280,chr11-18270189-18270189,rs11024598,MRGPRX4,95908
chr11-18189000-18189621,chr11-18270189-18270189,rs11024598,GLTPP1,80567
chr11-18196657-18197337,chr11-18270189-18270189,rs11024598,MRGPRX13P,72851
chr11-18209138-18214562,chr11-18270189-18270189,rs11024598,SLC25A51P4,55626
chr11-18231355-18236802,chr11-18270189-18270189,rs11024598,SAA4,33386
chr11-18231423-18248635,chr11-18270189-18270189,rs11024598,SAA2-SAA4,21553
chr11-18239223-18248643,chr11-18270189-18270189,rs11024598,SAA2,21545
chr11-18248389-18248506,chr11-18270189-18270189,rs11024598,RNA5SP333,21682
chr11-18261982-18263091,chr11-18270189-18270189,rs11024598,ST13P5,7097
chr11-18266260-18269977,chr11-18270189-18270189,rs11024598,SAA1,211
chr11-18266393-18266510,chr11-18270189-18270189,rs11024598,RNA5SP334,3678
chr11-18278668-18322198,chr11-18276016-18276016,rs2124379,HPS5,2651
chr11-18322295-18367045,chr11-18276016-18276016,rs2124379,GTF2H1,46278
chr11-18387787-18387860,chr11-18276016-18276016,rs2124379,MIR3159,111770
chr11-18394560-18408425,chr11-18276016-18276016,rs2124379,LDHA,118543
chr11-18405609-18406731,chr11-18276016-18276016,rs2124379,AC084117.1,129592
chr11-18412318-18452063,chr11-18276016-18276016,rs2124379,LDHC,136301
chr11-18450112-18450868,chr11-18276016-18276016,rs2124379,AC027544.3,174095
chr11-18455824-18479601,chr11-18276016-18276016,rs2124379,LDHAL6A,179807
chr11-18468336-18526951,chr11-18276016-18276016,rs2124379,TSG101,192319
chr11-18490243-18490955,chr11-18276016-18276016,rs2124379,YWHABP2,214226
chr11-18507608-18508820,chr11-18276016-18276016,rs2124379,AC027544.2,231591
chr11-18511043-18511475,chr11-18276016-18276016,rs2124379,AC027544.1,235026
chr11-18529609-18588747,chr11-18276016-18276016,rs2124379,UEVLD,253592
chr11-18588781-18610255,chr11-18276016-18276016,rs2124379,SPTY2D1OS,312764
chr11-18595459-18599683,chr11-18276016-18276016,rs2124379,AC112694.1,319442
chr11-18601882-18602649,chr11-18276016-18276016,rs2124379,AC112694.2,325865
chr11-18606403-18634791,chr11-18276016-18276016,rs2124379,SPTY2D1,330386
chr11-18665050-18665548,chr11-18276016-18276016,rs2124379,AP006296.1,389033
chr11-18693122-18704785,chr11-18276016-18276016,rs2124379,TMEM86A,417105
chr11-18704305-18726230,chr11-18276016-18276016,rs2124379,IGSF22,428288
chr11-18706537-18740568,chr11-18276016-18276016,rs2124379,AC103974.1,430520
chr11-18727928-18792721,chr11-18276016-18276016,rs2124379,PTPN5,451911
chr11-18761664-18764965,chr11-18276016-18276016,rs2124379,AC103974.2,485647
chr11-33804768-33805641,chr11-34303703-34303703,rs10836184,LINC02722,498061
chr11-33810145-33811178,chr11-34303703-34303703,rs10836184,AC113192.1,492524
chr11-33813873-33822378,chr11-34303703-34303703,rs10836184,LINC02721,481324
chr11-33858576-33892076,chr11-34303703-34303703,rs10836184,LMO2,411626
chr11-33880643-33881800,chr11-34303703-34303703,rs10836184,AC132216.1,421902
chr11-34049967-34052132,chr11-34303703-34303703,rs10836184,AC090469.1,251570
chr11-34051731-34102610,chr11-34303703-34303703,rs10836184,CAPRIN1,201092
chr11-34105617-34147670,chr11-34303703-34303703,rs10836184,NAT10,156032
chr11-34150987-34358010,chr11-34303703-34303703,rs10836184,ABTB2,0
chr11-34335118-34336003,chr11-34303703-34303703,rs10836184,AL139174.1,31414
chr11-34404663-34404949,chr11-34303703-34303703,rs10836184,AL035079.1,100959
chr11-34430880-34431649,chr11-34303703-34303703,rs10836184,CIR1P3,127176
chr11-34438934-34472060,chr11-34303703-34303703,rs10836184,CAT,135230
chr11-34478793-34513805,chr11-34303703-34303703,rs10836184,ELF5,175089
chr11-34533014-34557924,chr11-34303703-34303703,rs10836184,AL137224.1,229310
chr11-34570876-34573982,chr11-34303703-34303703,rs10836184,LINC02707,267172
chr11-34621093-34661057,chr11-34303703-34303703,rs10836184,EHF,317389
chr11-34709600-34710161,chr11-34303703-34303703,rs10836184,AC087783.1,405896
chr11-34742906-34743199,chr11-34303703-34303703,rs10836184,AL359999.1,439202
chr11-35943981-36232136,chr11-36563394-36563394,rs7107464,LDLRAD3,331257
chr11-36196248-36197901,chr11-36563394-36563394,rs7107464,AC129502.1,365492
chr11-36269284-36289449,chr11-36563394-36563394,rs7107464,COMMD9,273944
chr11-36296288-36465204,chr11-36563394-36563394,rs7107464,PRR5L,98189
chr11-36321158-36323440,chr11-36563394-36563394,rs7107464,AC087277.1,239953
chr11-36386521-36388250,chr11-36563394-36563394,rs7107464,AC087277.2,175143
chr11-36425447-36426122,chr11-36563394-36563394,rs7107464,AC009656.1,137271
chr11-36483769-36510272,chr11-36563394-36563394,rs7107464,TRAF6,53121
chr11-36510361-36510537,chr11-36563394-36563394,rs7107464,AC061999.1,52856
chr11-36510709-36593156,chr11-36563394-36563394,rs7107464,RAG1,0
chr11-36575574-36598279,chr11-36563394-36563394,rs7107464,RAG2,12179
chr11-36594493-36659290,chr11-36563394-36563394,rs7107464,C11orf74,31098
chr11-36696317-36697867,chr11-36563394-36563394,rs7107464,AC104042.1,132922
chr11-74012714-74171210,chr11-74620834-74620834,rs4145953,C2CD3,449623
chr11-74142151-74142358,chr11-74620834-74620834,rs4145953,AP002392.1,478475
chr11-74171267-74254703,chr11-74620834-74620834,rs4145953,PPME1,366130
chr11-74198748-74198854,chr11-74620834-74620834,rs4145953,RNA5SP343,421979
chr11-74204869-74205746,chr11-74620834-74620834,rs4145953,AP000577.2,415087
chr11-74235801-74311640,chr11-74620834-74620834,rs4145953,P4HA3,309193
chr11-74252414-74252552,chr11-74620834-74620834,rs4145953,AP000577.1,368281
chr11-74311362-74324705,chr11-74620834-74620834,rs4145953,P4HA3-AS1,296128
chr11-74330316-74398433,chr11-74620834-74620834,rs4145953,PGM2L1,222400
chr11-74354443-74355720,chr11-74620834-74620834,rs4145953,HNRNPA1P40,265113
chr11-74397549-74485742,chr11-74620834-74620834,rs4145953,AP001372.1,135091
chr11-74398825-74416379,chr11-74620834-74620834,rs4145953,AP001085.1,204454
chr11-74399237-74399333,chr11-74620834-74620834,rs4145953,MIR548AL,221500
chr11-74454841-74467729,chr11-74620834-74620834,rs4145953,KCNE3,153104
chr11-74455348-74456825,chr11-74620834-74620834,rs4145953,AP001372.3,164008
chr11-74482250-74482542,chr11-74620834-74620834,rs4145953,CYCSP27,138291
chr11-74485580-74486051,chr11-74620834-74620834,rs4145953,AP001372.4,134782
chr11-74490519-74493724,chr11-74620834-74620834,rs4145953,LIPT2,127109
chr11-74493366-74498533,chr11-74620834-74620834,rs4145953,AP001372.2,122300
chr11-74493851-74669117,chr11-74620834-74620834,rs4145953,POLD3,0
chr11-74652636-74652911,chr11-74620834-74620834,rs4145953,RANP3,31801
chr11-74685224-74685505,chr11-74620834-74620834,rs4145953,RN7SKP297,64389
chr11-74696429-74731385,chr11-74620834-74620834,rs4145953,CHRDL2,75594
chr11-74698231-74699658,chr11-74620834-74620834,rs4145953,AP001324.3,77396
chr11-74720268-74720337,chr11-74620834-74620834,rs4145953,MIR4696,99433
chr11-74738478-74738796,chr11-74620834-74620834,rs4145953,AP001324.2,117643
chr11-74745716-74746114,chr11-74620834-74620834,rs4145953,AP001324.1,124881
chr11-74748849-74842413,chr11-74620834-74620834,rs4145953,RNF169,128014
chr11-74807739-74949200,chr11-74620834-74620834,rs4145953,XRRA1,186904
chr11-74830574-74832510,chr11-74620834-74620834,rs4145953,AP000560.1,209739
chr11-74845910-74846209,chr11-74620834-74620834,rs4145953,RN7SL239P,225075
chr11-74876286-74920022,chr11-74620834-74620834,rs4145953,AP001992.1,255451
chr11-74931724-74936937,chr11-74620834-74620834,rs4145953,AP001992.2,310889
chr11-74949247-74979033,chr11-74620834-74620834,rs4145953,SPCS2,328412
chr11-74968189-74968292,chr11-74620834-74620834,rs4145953,RNU6-216P,347354
chr11-74988279-75018893,chr11-74620834-74620834,rs4145953,NEU3,367444
chr11-75069243-75096964,chr11-74620834-74620834,rs4145953,AP003175.1,448408
chr11-75071148-75072052,chr11-74620834-74620834,rs4145953,OR2AT2P,450313
chr11-75079265-75080131,chr11-74620834-74620834,rs4145953,NPM1P50,458430
chr11-75081753-75096876,chr11-74620834-74620834,rs4145953,OR2AT4,460918
chr11-75099172-75140148,chr11-74620834-74620834,rs4145953,AP001972.4,478337
chr11-75100563-75206549,chr11-74620834-74620834,rs4145953,SLCO2B1,479728
chr11-76694041-76719801,chr11-77211536-77211536,rs55770291,GUCY2EP,491734
chr11-76759916-76768622,chr11-77211536-77211536,rs55770291,AP003119.1,442913
chr11-76782251-76798153,chr11-77211536-77211536,rs55770291,TSKU,413382
chr11-76782581-76783062,chr11-77211536-77211536,rs55770291,AP003119.2,428473
chr11-76800364-76804555,chr11-77211536-77211536,rs55770291,AP003119.3,406980
chr11-76860867-77026797,chr11-77211536-77211536,rs55770291,ACER3,184738
chr11-76955417-76978619,chr11-77211536-77211536,rs55770291,AP002498.1,232916
chr11-77034398-77041973,chr11-77211536-77211536,rs55770291,B3GNT6,169562
chr11-77066961-77126155,chr11-77211536-77211536,rs55770291,CAPN5,85380
chr11-77102840-77103331,chr11-77211536-77211536,rs55770291,OMP,108204
chr11-77128246-77215241,chr11-77211536-77211536,rs55770291,MYO7A,0
chr11-77216558-77301687,chr11-77211536-77211536,rs55770291,GDPD4,5021
chr11-77313606-77314032,chr11-77211536-77211536,rs55770291,TOMM20P1,102069
chr11-77321707-77474635,chr11-77211536-77211536,rs55770291,PAK1,110170
chr11-77473371-77477030,chr11-77211536-77211536,rs55770291,AP003680.1,261834
chr11-77514936-77637794,chr11-77211536-77211536,rs55770291,CLNS1A,303399
chr11-77566934-77566994,chr11-77211536-77211536,rs55770291,RNU7-59P,355397
chr11-77589391-77610356,chr11-77211536-77211536,rs55770291,AQP11,377854
chr11-77659996-77821017,chr11-77211536-77211536,rs55770291,RSF1,448459
chr12-85567878-85568239,chr12-85865680-85865680,rs7132746,AC126471.1,297440
chr12-85781892-85782444,chr12-85865680-85865680,rs7132746,AC137768.1,83235
chr12-85800703-85836409,chr12-85865680-85865680,rs7132746,RASSF9,29270
chr12-85874295-85882992,chr12-85865680-85865680,rs7132746,NTS,8614
chr12-85955666-86838904,chr12-85865680-85865680,rs7132746,MGAT4C,89985
chr12-85958686-85960946,chr12-85865680-85865680,rs7132746,AC016993.1,93005
chr12-86015697-86016441,chr12-85865680-85865680,rs7132746,AC139697.1,150016
chr12-93677375-93894840,chr12-94271637-94271637,rs7970261,CRADD,376796
chr12-93831076-93831372,chr12-94271637-94271637,rs7970261,RN7SL630P,440264
chr12-93836167-93838038,chr12-94271637-94271637,rs7970261,AC012464.2,433598
chr12-93894965-93943603,chr12-94271637-94271637,rs7970261,AC012464.1,328033
chr12-93945041-93947813,chr12-94271637-94271637,rs7970261,AC012464.3,323823
chr12-94008739-94009047,chr12-94271637-94271637,rs7970261,RN7SKP263,262589
chr12-94140077-94141337,chr12-94271637-94271637,rs7970261,AC123567.1,130299
chr12-94148577-94307675,chr12-94271637-94271637,rs7970261,PLXNC1,0
chr12-94167528-94187724,chr12-94271637-94271637,rs7970261,AC123567.2,83912
chr12-94260548-94262299,chr12-94271637-94271637,rs7970261,AC073655.3,9337
chr12-94272150-94277195,chr12-94271637-94271637,rs7970261,AC073655.1,512
chr12-94277758-94282844,chr12-94271637-94271637,rs7970261,AC073655.2,6120
chr12-94306449-94459988,chr12-94271637-94271637,rs7970261,CEP83,34811
chr12-94361220-94361526,chr12-94271637-94271637,rs7970261,RN7SL330P,89582
chr12-94423744-94424969,chr12-94271637-94271637,rs7970261,RBMS2P1,152106
chr12-94460003-94462484,chr12-94271637-94271637,rs7970261,CEP83-DT,188365
chr12-94491546-94496442,chr12-94271637-94271637,rs7970261,AC023161.1,219908
chr12-94515476-94515760,chr12-94271637-94271637,rs7970261,RN7SL483P,243838
chr12-94521090-94521869,chr12-94271637-94271637,rs7970261,AC023161.2,249452
chr12-94548241-94549536,chr12-94271637-94271637,rs7970261,SUCLG2P2,276603
chr12-94561789-94561859,chr12-94271637-94271637,rs7970261,MIR5700,290151
chr12-94567122-94650557,chr12-94271637-94271637,rs7970261,TMCC3,295484
chr12-94571231-94571352,chr12-94271637-94271637,rs7970261,MIR7844,299593
chr12-94590821-94591093,chr12-94271637-94271637,rs7970261,LSM3P2,319183
chr13-51930436-52012125,chr13-52434913-52434913,rs11148252,ATP7B,422787
chr13-51966742-51967149,chr13-52434913-52434913,rs11148252,FABP5P2,467763
chr13-52012398-52033600,chr13-52434913-52434913,rs11148252,ALG11,401312
chr13-52024691-52033600,chr13-52434913-52434913,rs11148252,UTP14C,401312
chr13-52033611-52129092,chr13-52434913-52434913,rs11148252,NEK5,305820
chr13-52128891-52132723,chr13-52434913-52434913,rs11148252,AL139082.1,302189
chr13-52132639-52159861,chr13-52434913-52434913,rs11148252,NEK3,275051
chr13-52167709-52194465,chr13-52434913-52434913,rs11148252,MRPS31P5,240447
chr13-52167709-52291557,chr13-52434913-52434913,rs11148252,AL158066.1,143355
chr13-52167954-52168321,chr13-52434913-52434913,rs11148252,AL139082.2,266591
chr13-52169987-52171248,chr13-52434913-52434913,rs11148252,AL158066.2,263664
chr13-52219344-52334277,chr13-52434913-52434913,rs11148252,TPTE2P2,100635
chr13-52334295-52341896,chr13-52434913-52434913,rs11148252,LINC02333,93016
chr13-52377167-52416373,chr13-52434913-52434913,rs11148252,THSD1,18539
chr13-52400004-52400099,chr13-52434913-52434913,rs11148252,RNY4P24,34813
chr13-52412602-52450634,chr13-52434913-52434913,rs11148252,VPS36,0
chr13-52454775-52455331,chr13-52434913-52434913,rs11148252,AL359513.1,19861
chr13-52455429-52476628,chr13-52434913-52434913,rs11148252,CKAP2,20515
chr13-52482804-52489216,chr13-52434913-52434913,rs11148252,LINC00345,47890
chr13-52488993-52587095,chr13-52434913-52434913,rs11148252,AL137058.1,54079
chr13-52497097-52500195,chr13-52434913-52434913,rs11148252,AL137058.3,62183
chr13-52600042-52642542,chr13-52434913-52434913,rs11148252,AL137058.2,165128
chr13-52600119-52637446,chr13-52434913-52434913,rs11148252,MRPS31P4,165205
chr13-52642425-52643796,chr13-52434913-52434913,rs11148252,HNRNPA1L2,207511
chr13-52651305-52652279,chr13-52434913-52434913,rs11148252,AL139089.1,216391
chr13-52652709-52700909,chr13-52434913-52434913,rs11148252,SUGT1,217795
chr13-52703264-52739820,chr13-52434913-52434913,rs11148252,CNMD,268350
chr13-52810050-52810140,chr13-52434913-52434913,rs11148252,MIR759,375136
chr13-52820497-52821018,chr13-52434913-52434913,rs11148252,PPIAP26,385583
chr13-52842889-52848641,chr13-52434913-52434913,rs11148252,PCDH8,407975
chr14-37595847-38041442,chr14-38172501-38172501,rs2803904,TTC6,131058
chr14-37720425-37720561,chr14-38172501-38172501,rs2803904,AL136296.1,451939
chr14-37827798-37827904,chr14-38172501-38172501,rs2803904,RNU6-1277P,344596
chr14-37896060-37902372,chr14-38172501-38172501,rs2803904,LINC00517,270128
chr14-38003113-38004847,chr14-38172501-38172501,rs2803904,AL359233.1,167653
chr14-38034287-38194281,chr14-38172501-38172501,rs2803904,AL392023.2,0
chr14-38190983-38202923,chr14-38172501-38172501,rs2803904,AL392023.1,18481
chr14-38207904-38213067,chr14-38172501-38172501,rs2803904,SSTR1,35402
chr14-38254000-38256093,chr14-38172501-38172501,rs2803904,CLEC14A,81498
chr14-38256202-38371338,chr14-38172501-38172501,rs2803904,AL355835.1,83700
chr14-38605255-38606098,chr14-38172501-38172501,rs2803904,AL357094.1,432753
chr14-43990539-44386064,chr14-44213661-44213661,rs12590995,LINC02307,0
chr14-44077534-44077884,chr14-44213661-44213661,rs12590995,EIF4BP1,135776
chr14-44120210-44120761,chr14-44213661-44213661,rs12590995,AL109766.1,92899
chr14-44290997-44291718,chr14-44213661-44213661,rs12590995,YWHAZP1,77335
chr14-44392531-44393716,chr14-44213661-44213661,rs12590995,AL161752.1,178869
chr14-44444747-44480626,chr14-44213661-44213661,rs12590995,LINC02277,231085
chr14-44504149-44507283,chr14-44213661-44213661,rs12590995,FSCB,290487
chr14-44507385-44567467,chr14-44213661-44213661,rs12590995,AL356022.1,293723
chr14-89013386-89025807,chr14-89450829-89450829,rs7141848,AL137785.1,425021
chr14-89110148-89111223,chr14-89450829-89450829,rs7141848,MPPE1P1,339605
chr14-89124871-89619149,chr14-89450829-89450829,rs7141848,FOXN3,0
chr14-89156743-89157574,chr14-89450829-89450829,rs7141848,AL138478.1,293254
chr14-89290205-89291594,chr14-89450829-89450829,rs7141848,CAP2P1,159234
chr14-89349377-89366081,chr14-89450829-89450829,rs7141848,AL357093.2,84747
chr14-89355060-89356571,chr14-89450829-89450829,rs7141848,AL357093.1,94257
chr14-89399995-89409469,chr14-89450829-89450829,rs7141848,AL356805.1,41359
chr14-89412312-89954659,chr14-89450829-89450829,rs7141848,AL137230.2,0
chr14-89417354-89419793,chr14-89450829-89450829,rs7141848,FOXN3-AS1,31035
chr14-89576216-89577477,chr14-89450829-89450829,rs7141848,FOXN3-AS2,125386
chr14-89621918-89622207,chr14-89450829-89450829,rs7141848,RN7SKP107,171088
chr14-89628921-89642671,chr14-89450829-89450829,rs7141848,AL137230.1,178091
chr14-89712511-89712823,chr14-89450829-89450829,rs7141848,RN7SKP255,261681
chr14-89736965-89738391,chr14-89450829-89450829,rs7141848,CHORDC2P,286135
chr14-89794669-89954777,chr14-89450829-89450829,rs7141848,EFCAB11,343839
chr14-89892128-89892443,chr14-89450829-89450829,rs7141848,RAB42P1,441298
chr15-24978583-25420336,chr15-25707742-25707742,rs2291354,SNHG14,287405
chr15-25208083-25208163,chr15-25707742-25707742,rs2291354,SNORD115-21,499578
chr15-25209918-25209999,chr15-25707742-25707742,rs2291354,SNORD115-22,497742
chr15-25211796-25211877,chr15-25707742-25707742,rs2291354,SNORD115-23,495864
chr15-25213648-25213729,chr15-25707742-25707742,rs2291354,SNORD115-24,494012
chr15-25215541-25215622,chr15-25707742-25707742,rs2291354,SNORD115-25,492119
chr15-25218617-25218698,chr15-25707742-25707742,rs2291354,SNORD115-26,489043
chr15-25220497-25220578,chr15-25707742-25707742,rs2291354,SNORD115-27,487163
chr15-25222348-25222428,chr15-25707742-25707742,rs2291354,SNORD115-28,485313
chr15-25223246-25223327,chr15-25707742-25707742,rs2291354,SNORD115-29,484414
chr15-25225203-25225284,chr15-25707742-25707742,rs2291354,SNORD115-30,482457
chr15-25227109-25227190,chr15-25707742-25707742,rs2291354,SNORD115-31,480551
chr15-25228967-25229048,chr15-25707742-25707742,rs2291354,SNORD115-32,478693
chr15-25230838-25230919,chr15-25707742-25707742,rs2291354,SNORD115-33,476822
chr15-25232387-25232468,chr15-25707742-25707742,rs2291354,SNORD115-34,475273
chr15-25234247-25234328,chr15-25707742-25707742,rs2291354,SNORD115-35,473413
chr15-25236085-25236166,chr15-25707742-25707742,rs2291354,SNORD115-36,471575
chr15-25237986-25238067,chr15-25707742-25707742,rs2291354,SNORD115-37,469674
chr15-25239838-25239919,chr15-25707742-25707742,rs2291354,SNORD115-38,467822
chr15-25241746-25241827,chr15-25707742-25707742,rs2291354,SNORD115-39,465914
chr15-25243614-25243695,chr15-25707742-25707742,rs2291354,SNORD115-40,464046
chr15-25245478-25245559,chr15-25707742-25707742,rs2291354,SNORD115-41,462182
chr15-25247345-25247426,chr15-25707742-25707742,rs2291354,SNORD115-42,460315
chr15-25249198-25249279,chr15-25707742-25707742,rs2291354,SNORD115-43,458462
chr15-25250859-25250940,chr15-25707742-25707742,rs2291354,SNORD115-44,456801
chr15-25255579-25257027,chr15-25707742-25707742,rs2291354,AC124303.1,450714
chr15-25264510-25264590,chr15-25707742-25707742,rs2291354,SNORD115-45,443151
chr15-25266591-25266661,chr15-25707742-25707742,rs2291354,SNORD115-46,441080
chr15-25268466-25268551,chr15-25707742-25707742,rs2291354,SNORD115-47,439190
chr15-25269783-25269858,chr15-25707742-25707742,rs2291354,SNORD115-48,437883
chr15-25278343-25278409,chr15-25707742-25707742,rs2291354,SNORD109B,429332
chr15-25333728-25439051,chr15-25707742-25707742,rs2291354,UBE3A,268690
chr15-25345633-25347235,chr15-25707742-25707742,rs2291354,AC100774.1,360506
chr15-25456271-25578813,chr15-25707742-25707742,rs2291354,LINC02250,128928
chr15-25580969-25581122,chr15-25707742-25707742,rs2291354,AC023449.1,126619
chr15-25677273-25865172,chr15-25707742-25707742,rs2291354,ATP10A,0
chr15-25708470-25710869,chr15-25707742-25707742,rs2291354,AC023449.2,727
chr15-25738508-25738620,chr15-25707742-25707742,rs2291354,RNA5SP390,30765
chr15-25848747-25848825,chr15-25707742-25707742,rs2291354,MIR4715,141004
chr15-25865295-25877211,chr15-25707742-25707742,rs2291354,AC016266.1,157552
chr15-25902119-26053123,chr15-25707742-25707742,rs2291354,LINC02346,194376
chr15-25928146-25928575,chr15-25707742-25707742,rs2291354,AC044913.2,220403
chr15-26008940-26009074,chr15-25707742-25707742,rs2291354,AC044913.1,301197
chr15-26050538-26052276,chr15-25707742-25707742,rs2291354,AC100836.1,342795
chr15-26115726-26134001,chr15-25707742-25707742,rs2291354,LINC00929,407983
chr16-25691959-26137685,chr16-26140834-26140834,rs7206188,HS3ST4,3148
chr16-25787987-26042347,chr16-26140834-26140834,rs7206188,AC093516.1,98486
chr16-25824710-25826330,chr16-26140834-26140834,rs7206188,AC093524.1,314503
chr16-26025237-26025310,chr16-26140834-26140834,rs7206188,MIR548W,115523
chr16-26028912-26029025,chr16-26140834-26140834,rs7206188,RNA5SP405,111808
chr16-26032539-26032811,chr16-26140834-26140834,rs7206188,HMGN2P3,108022
chr16-26062750-26063097,chr16-26140834-26140834,rs7206188,HSPE1P16,77736
chr16-26302064-26340815,chr16-26140834-26140834,rs7206188,AC009158.1,161229
chr16-26354796-26358355,chr16-26140834-26140834,rs7206188,AC130464.1,213961
chr16-26546802-26607396,chr16-26140834-26140834,rs7206188,AC002331.1,405967
chr16-26584755-26594813,chr16-26140834-26140834,rs7206188,LINC02195,443920
chr16-30370934-30377991,chr16-30875322-30875322,rs897984,MYLPF,497330
chr16-30378106-30400108,chr16-30875322-30875322,rs897984,ZNF48,475213
chr16-30378133-30395991,chr16-30875322-30875322,rs897984,SEPTIN1,479330
chr16-30379763-30380110,chr16-30875322-30875322,rs897984,AC116348.4,495211
chr16-30407414-30431108,chr16-30875322-30875322,rs897984,ZNF771,444213
chr16-30419625-30419759,chr16-30875322-30875322,rs897984,SNORA80C,455562
chr16-30423615-30430030,chr16-30875322-30875322,rs897984,DCTPP1,445291
chr16-30443631-30445874,chr16-30875322-30875322,rs897984,SEPHS2,429447
chr16-30472719-30523185,chr16-30875322-30875322,rs897984,ITGAL,352136
chr16-30477180-30489353,chr16-30875322-30875322,rs897984,AC116348.3,385968
chr16-30480588-30481346,chr16-30875322-30875322,rs897984,AC116348.1,393975
chr16-30483135-30483195,chr16-30875322-30875322,rs897984,RNU7-61P,392126
chr16-30498766-30499554,chr16-30875322-30875322,rs897984,AC116348.2,375767
chr16-30503919-30504001,chr16-30875322-30875322,rs897984,MIR4518,371320
chr16-30524004-30526821,chr16-30875322-30875322,rs897984,ZNF768,348500
chr16-30525923-30534852,chr16-30875322-30875322,rs897984,AC002310.4,340469
chr16-30526918-30528294,chr16-30875322-30875322,rs897984,AC002310.5,347027
chr16-30530367-30535347,chr16-30875322-30875322,rs897984,ZNF747,339974
chr16-30534752-30537149,chr16-30875322-30875322,rs897984,AC002310.1,338172
chr16-30537202-30538231,chr16-30875322-30875322,rs897984,AC002310.3,337090
chr16-30553764-30558498,chr16-30875322-30875322,rs897984,ZNF764,316823
chr16-30569346-30572734,chr16-30875322-30875322,rs897984,ZNF688,302587
chr16-30572039-30583860,chr16-30875322-30875322,rs897984,AC002310.2,291461
chr16-30573740-30585769,chr16-30875322-30875322,rs897984,ZNF785,289552
chr16-30585907-30608593,chr16-30875322-30875322,rs897984,AC093249.2,266728
chr16-30587662-30587920,chr16-30875322-30875322,rs897984,AC093249.4,287401
chr16-30602558-30624012,chr16-30875322-30875322,rs897984,ZNF689,251309
chr16-30615256-30615679,chr16-30875322-30875322,rs897984,AC093249.3,259642
chr16-30624285-30624714,chr16-30875322-30875322,rs897984,AC093249.5,250607
chr16-30626976-30627178,chr16-30875322-30875322,rs897984,AC093249.1,248143
chr16-30650717-30656440,chr16-30875322-30875322,rs897984,PRR14,218881
chr16-30658431-30670810,chr16-30875322-30875322,rs897984,FBRS,204511
chr16-30675300-30675402,chr16-30875322-30875322,rs897984,RNU6-416P,199919
chr16-30697707-30699058,chr16-30875322-30875322,rs897984,AC093249.6,176263
chr16-30698209-30741409,chr16-30875322-30875322,rs897984,SRCAP,133912
chr16-30701337-30701435,chr16-30875322-30875322,rs897984,RNU6-1043P,173886
chr16-30704067-30745169,chr16-30875322-30875322,rs897984,AC106886.5,130152
chr16-30710537-30710665,chr16-30875322-30875322,rs897984,SNORA30,164656
chr16-30740642-30745196,chr16-30875322-30875322,rs897984,TMEM265,130125
chr16-30740667-30751381,chr16-30875322-30875322,rs897984,AC106886.2,123940
chr16-30748293-30761176,chr16-30875322-30875322,rs897984,PHKG2,114145
chr16-30757423-30762221,chr16-30875322-30875322,rs897984,CCDC189,113100
chr16-30761745-30776307,chr16-30875322-30875322,rs897984,RNF40,99014
chr16-30773532-30776033,chr16-30875322-30875322,rs897984,AC106886.4,99288
chr16-30778456-30787205,chr16-30875322-30875322,rs897984,ZNF629,88116
chr16-30821068-30822110,chr16-30875322-30875322,rs897984,AC106886.1,53211
chr16-30821338-30821884,chr16-30875322-30875322,rs897984,AC106886.3,53437
chr16-30833626-30894960,chr16-30875322-30875322,rs897984,BCL7C,0
chr16-30875222-30895220,chr16-30875322-30875322,rs897984,MIR762HG,0
chr16-30875266-30875323,chr16-30875322-30875322,rs897984,MIR4519,0
chr16-30875766-30895216,chr16-30875322-30875322,rs897984,AC135048.2,443
chr16-30893903-30893985,chr16-30875322-30875322,rs897984,MIR762,18580
chr16-30896607-30903560,chr16-30875322-30875322,rs897984,CTF1,21284
chr16-30904348-30910208,chr16-30875322-30875322,rs897984,CTF2P,29025
chr16-30919319-30923269,chr16-30875322-30875322,rs897984,FBXL19-AS1,43996
chr16-30923055-30948783,chr16-30875322-30875322,rs897984,FBXL19,47732
chr16-30948386-30956511,chr16-30875322-30875322,rs897984,AC135048.1,73063
chr16-30949068-30956461,chr16-30875322-30875322,rs897984,ORAI3,73745
chr16-30956872-30957199,chr16-30875322-30875322,rs897984,AC135048.3,81549
chr16-30957754-30984664,chr16-30875322-30875322,rs897984,SETD1A,82431
chr16-30984630-30988270,chr16-30875322-30875322,rs897984,AC135048.4,109307
chr16-30985207-30989147,chr16-30875322-30875322,rs897984,HSD3B7,109884
chr16-30989256-31010638,chr16-30875322-30875322,rs897984,STX1B,113933
chr16-31032889-31042975,chr16-30875322-30875322,rs897984,STX4,157566
chr16-31043150-31049868,chr16-30875322-30875322,rs897984,AC135050.3,167827
chr16-31056460-31062803,chr16-30875322-30875322,rs897984,AC135050.1,181137
chr16-31060843-31074240,chr16-30875322-30875322,rs897984,ZNF668,185520
chr16-31065495-31069246,chr16-30875322-30875322,rs897984,AC135050.4,190172
chr16-31074422-31084196,chr16-30875322-30875322,rs897984,ZNF646,199099
chr16-31083425-31089628,chr16-30875322-30875322,rs897984,PRSS53,208102
chr16-31083439-31094956,chr16-30875322-30875322,rs897984,AC135050.2,208116
chr16-31090842-31095980,chr16-30875322-30875322,rs897984,VKORC1,215519
chr16-31093727-31095944,chr16-30875322-30875322,rs897984,AC135050.7,218404
chr16-31106107-31112791,chr16-30875322-30875322,rs897984,BCKDK,230784
chr16-31114489-31131393,chr16-30875322-30875322,rs897984,KAT8,239166
chr16-31118078-31118747,chr16-30875322-30875322,rs897984,AC135050.5,242755
chr16-31122235-31124064,chr16-30875322-30875322,rs897984,AC135050.6,246912
chr16-31131433-31131877,chr16-30875322-30875322,rs897984,AC009088.3,256110
chr16-31131433-31135727,chr16-30875322-30875322,rs897984,PRSS8,256110
chr16-31138926-31150083,chr16-30875322-30875322,rs897984,PRSS36,263603
chr16-31165648-31165927,chr16-30875322-30875322,rs897984,AC009088.4,290325
chr16-31174573-31174822,chr16-30875322-30875322,rs897984,NDUFA3P6,299250
chr16-31180110-31194871,chr16-30875322-30875322,rs897984,FUS,304787
chr16-31182511-31183285,chr16-30875322-30875322,rs897984,AC009088.2,307188
chr16-31196131-31196963,chr16-30875322-30875322,rs897984,AC009088.1,320808
chr16-31201486-31203450,chr16-30875322-30875322,rs897984,PYCARD,326163
chr16-31201885-31203452,chr16-30875322-30875322,rs897984,PYCARD-AS1,326562
chr16-31214091-31231537,chr16-30875322-30875322,rs897984,TRIM72,338768
chr16-31215962-31217359,chr16-30875322-30875322,rs897984,PYDC1,340639
chr16-31259967-31332892,chr16-30875322-30875322,rs897984,ITGAM,384644
chr16-31355134-31382997,chr16-30875322-30875322,rs897984,ITGAX,479811
chr16-31361278-31361695,chr16-30875322-30875322,rs897984,AC093520.2,485955
chr16-87083562-87317420,chr16-87634866-87634866,rs7206657,C16orf95,317445
chr16-87212122-87226430,chr16-87634866-87634866,rs7206657,AC136285.1,408435
chr16-87215915-87216452,chr16-87634866-87634866,rs7206657,AC136285.2,418413
chr16-87262759-87292438,chr16-87634866-87634866,rs7206657,AC010531.4,342427
chr16-87268185-87268337,chr16-87634866-87634866,rs7206657,AC010531.2,366528
chr16-87296949-87297633,chr16-87634866-87634866,rs7206657,AC010531.8,337232
chr16-87302876-87334273,chr16-87634866-87634866,rs7206657,AC010531.1,300592
chr16-87317509-87318043,chr16-87634866-87634866,rs7206657,AC010531.6,316822
chr16-87326987-87327584,chr16-87634866-87634866,rs7206657,AC010531.7,307281
chr16-87326987-87392142,chr16-87634866-87634866,rs7206657,FBXO31,242723
chr16-87362536-87367476,chr16-87634866-87634866,rs7206657,AC010531.5,267389
chr16-87383953-87404779,chr16-87634866-87634866,rs7206657,MAP1LC3B,230086
chr16-87396704-87400295,chr16-87634866-87634866,rs7206657,AC010531.3,234570
chr16-87406246-87493024,chr16-87634866-87634866,rs7206657,ZCCHC14,141841
chr16-87467138-87467654,chr16-87634866-87634866,rs7206657,AC105429.2,167211
chr16-87470370-87474370,chr16-87634866-87634866,rs7206657,AC105429.1,160495
chr16-87492555-87600337,chr16-87634866-87634866,rs7206657,AC092720.1,34528
chr16-87600526-87602190,chr16-87634866-87634866,rs7206657,AC092720.2,32675
chr16-87601835-87698156,chr16-87634866-87634866,rs7206657,JPH3,0
chr16-87683945-87684477,chr16-87634866-87634866,rs7206657,AC010536.3,49078
chr16-87693537-87696147,chr16-87634866-87634866,rs7206657,AC010536.1,58670
chr16-87696485-87765992,chr16-87634866-87634866,rs7206657,KLHDC4,61618
chr16-87739771-87747706,chr16-87634866-87634866,rs7206657,AC010536.2,104904
chr16-87773304-87779374,chr16-87634866-87634866,rs7206657,AC126696.3,138437
chr16-87780134-87806476,chr16-87634866-87634866,rs7206657,AC126696.1,145267
chr16-87830023-87869507,chr16-87634866-87634866,rs7206657,SLC7A5,195156
chr16-87834592-87834660,chr16-87634866-87634866,rs7206657,MIR6775,199725
chr16-87836532-87837663,chr16-87634866-87634866,rs7206657,AC126696.2,201665
chr16-87881546-87936580,chr16-87634866-87634866,rs7206657,CA5A,246679
chr16-87892955-87893735,chr16-87634866-87634866,rs7206657,AC133539.1,258088
chr16-87945058-87945202,chr16-87634866-87634866,rs7206657,AC127455.1,310191
chr16-87949244-88077318,chr16-87634866-87634866,rs7206657,BANP,314377
chr16-88079161-88087383,chr16-87634866-87634866,rs7206657,AC134312.4,444294
chr16-88087241-88089970,chr16-87634866-87634866,rs7206657,AC134312.3,452374
chr16-88088041-88100985,chr16-87634866-87634866,rs7206657,AC134312.1,453174
chr19-44392439-44448452,chr19-44906745-44906745,rs769449,AC245748.2,458292
chr19-44417519-44448578,chr19-44906745-44906745,rs769449,ZNF229,458166
chr19-44467641-44473227,chr19-44906745-44906745,rs769449,ZNF285B,433517
chr19-44474428-44500524,chr19-44906745-44906745,rs769449,ZNF180,406220
chr19-44501677-44529788,chr19-44906745-44906745,rs769449,CEACAM20,376956
chr19-44536263-44536613,chr19-44906745-44906745,rs769449,AC245748.3,370131
chr19-44537058-44620821,chr19-44906745-44906745,rs769449,CEACAM22P,285923
chr19-44570304-44570564,chr19-44906745-44906745,rs769449,AC243964.1,336180
chr19-44613563-44636781,chr19-44906745-44906745,rs769449,IGSF23,269963
chr19-44631573-44725217,chr19-44906745-44906745,rs769449,AC243964.3,181527
chr19-44643798-44666162,chr19-44906745-44906745,rs769449,PVR,240582
chr19-44653686-44653732,chr19-44906745-44906745,rs769449,MIR4531,253012
chr19-44662278-44684359,chr19-44906745-44906745,rs769449,CEACAM19,222385
chr19-44664131-44666158,chr19-44906745-44906745,rs769449,AC243964.4,240586
chr19-44699151-44710718,chr19-44906745-44906745,rs769449,CEACAM16,196026
chr19-44725984-44726058,chr19-44906745-44906745,rs769449,AC243964.2,180686
chr19-44747705-44760044,chr19-44906745-44906745,rs769449,BCL3,146700
chr19-44758657-44758721,chr19-44906745-44906745,rs769449,MIR8085,148023
chr19-44764950-44765100,chr19-44906745-44906745,rs769449,SNORA70,141644
chr19-44765148-44765464,chr19-44906745-44906745,rs769449,AC092066.1,141280
chr19-44777869-44800652,chr19-44906745-44906745,rs769449,CBLC,106092
chr19-44803701-44804010,chr19-44906745-44906745,rs769449,AC092306.1,102734
chr19-44809059-44821421,chr19-44906745-44906745,rs769449,BCAM,85323
chr19-44846175-44889223,chr19-44906745-44906745,rs769449,NECTIN2,17521
chr19-44882027-44890876,chr19-44906745-44906745,rs769449,AC011481.2,15868
chr19-44890569-44903689,chr19-44906745-44906745,rs769449,TOMM40,3055
chr19-44905791-44909393,chr19-44906745-44906745,rs769449,APOE,0
chr19-44909375-44914968,chr19-44908684-44908684,rs429358,AC011481.3,690
chr19-44914247-44919349,chr19-44908684-44908684,rs429358,APOC1,5562
chr19-44926804-44931386,chr19-44908684-44908684,rs429358,APOC1P1,18119
chr19-44942237-44945496,chr19-44908684-44908684,rs429358,APOC4,33552
chr19-44942238-44949565,chr19-44908684-44908684,rs429358,APOC4-APOC2,33553
chr19-44945971-44949566,chr19-44908684-44908684,rs429358,APOC2,37286
chr19-44950044-44954007,chr19-44908684-44908684,rs429358,AC011481.1,41359
chr19-44954585-44993341,chr19-44908684-44908684,rs429358,CLPTM1,45900
chr19-45001449-45038198,chr19-44908684-44908684,rs429358,RELB,92764
chr19-45039045-45070956,chr19-44908684-44908684,rs429358,CLASRP,130360
chr19-45047458-45047561,chr19-44908684-44908684,rs429358,RNU6-611P,138773
chr19-45071500-45076587,chr19-44908684-44908684,rs429358,ZNF296,162815
chr19-45076510-45092635,chr19-44908684-44908684,rs429358,GEMIN7-AS1,167825
chr19-45079195-45091518,chr19-44908684-44908684,rs429358,GEMIN7,170510
chr19-45079288-45305284,chr19-44908684-44908684,rs429358,MARK4,170603
chr19-45091396-45148077,chr19-44908684-44908684,rs429358,PPP1R37,182711
chr19-45128569-45129030,chr19-44908684-44908684,rs429358,EIF5AP3,219884
chr19-45135993-45136977,chr19-44908684-44908684,rs429358,AC005757.1,227308
chr19-45149750-45158737,chr19-44908684-44908684,rs429358,NKPD1,241065
chr19-45162928-45178237,chr19-44908684-44908684,rs429358,TRAPPC6A,254243
chr19-45178745-45216933,chr19-44908684-44908684,rs429358,BLOC1S3,270060
chr19-45212621-45245431,chr19-44908684-44908684,rs429358,EXOC3L2,303936
chr19-45306413-45322875,chr19-44908684-44908684,rs429358,CKM,397728
chr19-45332698-45333124,chr19-44908684-44908684,rs429358,RPS16P9,424013
chr19-45333434-45351520,chr19-44908684-44908684,rs429358,KLC3,424749
chr19-45349837-45370918,chr19-44908684-44908684,rs429358,ERCC2,441152
chr19-45379638-45406349,chr19-44908684-44908684,rs429358,PPP1R13L,470953
chr19-45406209-45410766,chr19-44908684-44908684,rs429358,CD3EAP,497524
chr19-45407333-45478828,chr19-44908684-44908684,rs429358,ERCC1,498648
chr20-17887363-17888160,chr20-18239041-18239041,rs59008350,AL035045.1,350880
chr20-17903762-17903861,chr20-18239041-18239041,rs59008350,RNU6-192P,335179
chr20-17941597-17968980,chr20-18239041-18239041,rs59008350,SNX5,270060
chr20-17956979-18059188,chr20-18239041-18239041,rs59008350,OVOL2,179852
chr20-17962710-17962946,chr20-18239041-18239041,rs59008350,SNORD17,276094
chr20-17969018-17991122,chr20-18239041-18239041,rs59008350,MGME1,247918
chr20-18011955-18012284,chr20-18239041-18239041,rs59008350,PTMAP3,226756
chr20-18059493-18071008,chr20-18239041-18239041,rs59008350,AL160411.1,168032
chr20-18090116-18090715,chr20-18239041-18239041,rs59008350,RPL15P1,148325
chr20-18095571-18095632,chr20-18239041-18239041,rs59008350,RNU7-137P,143408
chr20-18137863-18143169,chr20-18239041-18239041,rs59008350,PET117,95871
chr20-18138118-18188387,chr20-18239041-18239041,rs59008350,KAT14,50653
chr20-18220113-18220512,chr20-18239041-18239041,rs59008350,AL050321.1,18528
chr20-18258554-18258851,chr20-18239041-18239041,rs59008350,RN7SL14P,19512
chr20-18265690-18265879,chr20-18239041-18239041,rs59008350,RNU2-56P,26648
chr20-18270630-18271069,chr20-18239041-18239041,rs59008350,AL049646.3,31588
chr20-18288283-18316996,chr20-18239041-18239041,rs59008350,ZNF133,49241
chr20-18289343-18359300,chr20-18239041-18239041,rs59008350,AL049646.1,50301
chr20-18295143-18295451,chr20-18239041-18239041,rs59008350,RN7SKP74,56101
chr20-18313765-18315111,chr20-18239041-18239041,rs59008350,AL049646.2,74723
chr20-18379049-18381484,chr20-18239041-18239041,rs59008350,LINC00851,140007
chr20-18383367-18467281,chr20-18239041-18239041,rs59008350,DZANK1,144325
chr20-18420160-18421454,chr20-18239041-18239041,rs59008350,GCNT1P1,181118
chr20-18433842-18433944,chr20-18239041-18239041,rs59008350,RNA5SP476,194800
chr20-18467389-18484646,chr20-18239041-18239041,rs59008350,POLR3F,228347
chr20-18470615-18470691,chr20-18239041-18239041,rs59008350,MIR3192,231573
chr20-18485265-18486052,chr20-18239041-18239041,rs59008350,RPL21P3,246223
chr20-18486540-18497225,chr20-18239041-18239041,rs59008350,RBBP9,247498
chr20-18504633-18505066,chr20-18239041-18239041,rs59008350,RPS19P1,265591
chr20-18507520-18561415,chr20-18239041-18239041,rs59008350,SEC23B,268478
chr20-18567347-18569563,chr20-18239041-18239041,rs59008350,SMIM26,328305
chr20-18567453-18744216,chr20-18239041-18239041,rs59008350,AL121900.2,328411
chr20-18587893-18766644,chr20-18239041-18239041,rs59008350,DTD1,348851
chr20-18592330-18592619,chr20-18239041-18239041,rs59008350,RN7SL638P,353288
chr20-18611047-18611167,chr20-18239041-18239041,rs59008350,RNU6ATAC34P,372005
chr20-18642782-18643634,chr20-18239041-18239041,rs59008350,DUXAP7,403740
chr20-18674395-18698709,chr20-18239041-18239041,rs59008350,AL121900.1,435353
chr20-56205052-56205173,chr20-56679998-56679998,rs6127813,RNA5SP487,474824
chr20-56248732-56249815,chr20-56679998-56679998,rs6127813,MC3R,430182
chr20-56267872-56269231,chr20-56679998-56679998,rs6127813,AL139824.2,410766
chr20-56295967-56299160,chr20-56679998-56679998,rs6127813,AL139824.1,380837
chr20-56358974-56368663,chr20-56679998-56679998,rs6127813,FAM210B,311334
chr20-56369389-56392337,chr20-56679998-56679998,rs6127813,AURKA,287660
chr20-56392371-56406362,chr20-56679998-56679998,rs6127813,CSTF1,273635
chr20-56412112-56460387,chr20-56679998-56679998,rs6127813,CASS4,219610
chr20-56459428-56459583,chr20-56679998-56679998,rs6127813,RPL39P,220414
chr20-56468585-56519449,chr20-56679998-56679998,rs6127813,RTF2,160548
chr20-56491492-56525925,chr20-56679998-56679998,rs6127813,GCNT7,154072
chr20-56517187-56526152,chr20-56679998-56679998,rs6127813,FAM209A,153845
chr20-56522252-56523499,chr20-56679998-56679998,rs6127813,AL109806.1,156498
chr20-56533246-56536520,chr20-56679998-56679998,rs6127813,FAM209B,143477
chr20-56550605-56555579,chr20-56679998-56679998,rs6127813,AL109806.2,124418
chr20-56577563-56598621,chr20-56679998-56679998,rs6127813,LINC01716,81376
chr20-56601701-56602113,chr20-56679998-56679998,rs6127813,RPS4XP3,77884
chr20-56629306-56639283,chr20-56679998-56679998,rs6127813,TFAP2C,40714
chr20-56667430-56667531,chr20-56679998-56679998,rs6127813,RNU6-1146P,12466
chr20-56688401-56688695,chr20-56679998-56679998,rs6127813,RN7SL170P,8402
chr20-56700837-56701514,chr20-56679998-56679998,rs6127813,PTMAP6,20838
chr20-56730397-56731460,chr20-56679998-56679998,rs6127813,AL133232.1,50398
chr20-56785981-56786087,chr20-56679998-56679998,rs6127813,RNU6-929P,105982
chr20-57105741-57107128,chr20-56679998-56679998,rs6127813,AL157414.2,425742
chr20-57110640-57122745,chr20-56679998-56679998,rs6127813,AL157414.1,430641
chr20-57116566-57119543,chr20-56679998-56679998,rs6127813,AL157414.4,436567
chr20-57161822-57163775,chr20-56679998-56679998,rs6127813,AL157414.3,481823
chr20-57168753-57266641,chr20-56679998-56679998,rs6127813,BMP7,488754
chr21-33485530-33491720,chr21-33985948-33985948,rs7275655,DNAJC28,494227
chr21-33503931-33543491,chr21-33985948-33985948,rs7275655,GART,442456
chr21-33518610-33519108,chr21-33985948-33985948,rs7275655,BTF3P6,466839
chr21-33543038-33577514,chr21-33985948-33985948,rs7275655,SON,408433
chr21-33550662-33550728,chr21-33985948-33985948,rs7275655,MIR6501,435219
chr21-33559542-33588706,chr21-33985948-33985948,rs7275655,DONSON,397241
chr21-33584687-33931607,chr21-33985948-33985948,rs7275655,AP000311.1,54340
chr21-33589341-33643926,chr21-33985948-33985948,rs7275655,CRYZL1,342021
chr21-33642400-33899861,chr21-33985948-33985948,rs7275655,ITSN1,86086
chr21-33903453-33915814,chr21-33985948-33985948,rs7275655,ATP5PO,70133
chr21-33915534-33977691,chr21-33985948-33985948,rs7275655,LINC00649,8256
chr21-33918995-33919338,chr21-33985948-33985948,rs7275655,RN7SL740P,66609
chr21-33967101-33968573,chr21-33985948-33985948,rs7275655,AP000569.1,17374
chr21-34073224-34143034,chr21-33985948-33985948,rs7275655,MRPS6,87275
chr21-34073578-34106260,chr21-33985948-33985948,rs7275655,SLC5A3,87629
chr21-34073592-34360033,chr21-33985948-33985948,rs7275655,AP000317.2,87643
chr21-34135432-34136071,chr21-33985948-33985948,rs7275655,RPS5P2,149483
chr21-34157724-34190244,chr21-33985948-33985948,rs7275655,LINC00310,171775
chr21-34205055-34325034,chr21-33985948-33985948,rs7275655,AP000317.1,219106
chr21-34353099-34375364,chr21-33985948-33985948,rs7275655,AP000320.1,367150
chr21-34364024-34371389,chr21-33985948-33985948,rs7275655,KCNE2,378075
chr21-34375480-34416961,chr21-33985948-33985948,rs7275655,SMIM11A,389531
chr21-34400112-34401072,chr21-33985948-33985948,rs7275655,FAM243A,414163
chr21-34412200-34412587,chr21-33985948-33985948,rs7275655,AP000322.2,426251
chr21-34418715-34423966,chr21-33985948-33985948,rs7275655,SMIM34A,432766
chr21-34425508-34426017,chr21-33985948-33985948,rs7275655,AP000322.1,439559
chr21-34446688-34512210,chr21-33985948-33985948,rs7275655,KCNE1,460739
chr21-34456110-34456237,chr21-33985948-33985948,rs7275655,AP000324.1,470161
chr22-43528744-43812337,chr22-44127282-44127282,rs133911,EFCAB6,314944
chr22-43759199-43759910,chr22-44127282-44127282,rs133911,Z97055.1,367371
chr22-43802544-43802772,chr22-44127282-44127282,rs133911,HMGN2P9,324509
chr22-43812456-43817394,chr22-44127282-44127282,rs133911,Z97055.2,309887
chr22-43824509-43862513,chr22-44127282-44127282,rs133911,SULT4A1,264768
chr22-43879678-43892013,chr22-44127282-44127282,rs133911,PNPLA5,235268
chr22-43923792-43964488,chr22-44127282-44127282,rs133911,PNPLA3,162793
chr22-43955442-44010531,chr22-44127282-44127282,rs133911,SAMM50,116750
chr22-43957027-43957348,chr22-44127282-44127282,rs133911,AL035398.1,169933
chr22-43999211-44172949,chr22-44127282-44127282,rs133911,PARVB,0
chr22-44102779-44116232,chr22-44127282-44127282,rs133911,AL033543.1,11049
chr22-44139365-44153626,chr22-44127282-44127282,rs133911,AL031595.3,12082
chr22-44172956-44219533,chr22-44127282-44127282,rs133911,PARVG,45673
chr22-44183031-44187739,chr22-44127282-44127282,rs133911,AL031595.1,55748
chr22-44210442-44229512,chr22-44127282-44127282,rs133911,AL031595.2,83159
chr22-44243665-44312951,chr22-44127282-44127282,rs133911,SHISAL1,116382
chr22-44365551-44366284,chr22-44127282-44127282,rs133911,Z85994.1,238268
chr22-44413485-44414814,chr22-44127282-44127282,rs133911,Z85994.2,286202
chr22-44443327-44444788,chr22-44127282-44127282,rs133911,LINC01656,316044
chr22-44483495-44483717,chr22-44127282-44127282,rs133911,MRPS18CP6,356212
chr22-44486295-44486914,chr22-44127282-44127282,rs133911,AL023973.1,359012
chr22-44492583-44498233,chr22-44127282-44127282,rs133911,RTL6,365300
chr22-44566965-44568247,chr22-44127282-44127282,rs133911,KRT18P23,439682
chr22-44569295-44572453,chr22-44127282-44127282,rs133911,LINC00207,442012
chr22-44606939-44625419,chr22-44127282-44127282,rs133911,LINC00229,479656
